id_x,prenom,nom,poste,prix,points,minutes_jouees,buts,passes,clean_sheets,jaunes,rouges,bonus,influence,creativity,threat,forme,id_y,equipe,point_par_million,prochain_adversaire,domicile,points_per_min,ict_calc,poste_1,poste_2,poste_3,poste_4,prix_scaled,points_scaled,minutes_jouees_scaled,buts_scaled,passes_scaled,bonus_scaled,forme_scaled,points_per_min_scaled,ict_calc_scaled
430,Erling,Haaland,4,14.9,102,944,14,1,6,0,0,23,526.0,65.0,649.0,8.0,13,Man City,6.845637583892617,Newcastle,0,0.10805084745762712,1240.0,False,False,False,True,1.0,1.0,0.9534883720930233,1.0,0.2,1.0,0.946236559139785,0.10312295158722727,1.0
5,Gabriel,dos Santos Magalhães,2,6.6,81,990,1,2,7,1,0,13,318.6,62.6,88.0,8.5,1,Arsenal,12.272727272727272,Spurs,1,0.08181818181818182,469.20000000000005,False,True,False,False,0.25225225225225223,0.7920792079207921,1.0,0.07142857142857142,0.4,0.5652173913043478,1.0,0.0767453540934204,0.3783870967741936
82,Antoine,Semenyo,3,8.1,75,990,6,4,4,2,0,9,336.6,162.2,297.0,2.2,4,Bournemouth,9.25925925925926,West Ham,1,0.07575757575757576,795.8,False,False,True,False,0.3873873873873873,0.7326732673267327,1.0,0.42857142857142855,0.8,0.391304347826087,0.3225806451612903,0.07065126402142978,0.641774193548387
8,Jurriën,Timber,2,6.1,67,881,2,2,6,2,0,7,238.0,179.1,216.0,4.8,1,Arsenal,10.98360655737705,Spurs,1,0.07604994324631101,633.1,False,True,False,False,0.20720720720720717,0.6534653465346535,0.8897876643073812,0.14285714285714285,0.4,0.30434782608695654,0.6021505376344085,0.07094524680015804,0.5105645161290323
21,Declan,Rice,3,6.9,65,893,2,4,6,0,0,10,273.4,318.0,99.0,6.2,1,Arsenal,9.420289855072465,Spurs,1,0.07278835386338185,690.4,False,False,True,False,0.2792792792792793,0.6336633663366337,0.9019211324570273,0.14285714285714285,0.8,0.43478260869565216,0.7526881720430108,0.06766563758638397,0.5567741935483871
260,Marc,Guéhi,2,5.1,64,900,1,3,4,0,0,5,244.0,88.1,103.0,4.5,8,Crystal Palace,12.54901960784314,Wolves,0,0.07111111111111111,435.1,False,True,False,False,0.11711711711711709,0.6237623762376238,0.9089989888776542,0.07142857142857142,0.6,0.21739130434782608,0.5698924731182795,0.0659791282995703,0.35088709677419355
7,Riccardo,Calafiori,2,5.8,61,856,1,2,7,3,0,3,150.0,89.3,181.0,4.8,1,Arsenal,10.517241379310343,Spurs,1,0.07126168224299065,420.3,False,True,False,False,0.18018018018018014,0.594059405940594,0.8645096056622852,0.07142857142857142,0.4,0.13043478260869565,0.6021505376344085,0.06613053131615634,0.33895161290322584
241,Moisés,Caicedo Corozo,3,6.1,60,945,3,1,4,2,0,9,306.2,132.8,59.0,3.8,7,Chelsea,9.836065573770492,Burnley,0,0.06349206349206349,498.0,False,False,True,False,0.20720720720720717,0.5841584158415841,0.9544994944388271,0.21428571428571427,0.2,0.391304347826087,0.49462365591397844,0.05831798649478207,0.40161290322580645
256,Daniel,Muñoz Mejía,2,5.7,60,990,1,3,5,3,0,2,229.8,111.1,173.0,6.0,8,Crystal Palace,10.526315789473683,Wolves,0,0.06060606060606061,513.9,False,True,False,False,0.17117117117117117,0.5841584158415841,1.0,0.07142857142857142,0.6,0.08695652173913043,0.7311827956989246,0.055416038841453207,0.41443548387096774
119,Bryan,Mbeumo,3,8.5,60,955,5,1,2,0,0,8,271.4,350.9,333.0,8.2,14,Man Utd,7.0588235294117645,Everton,1,0.06282722513089005,955.3,False,False,True,False,0.4234234234234234,0.5841584158415841,0.9646107178968655,0.35714285714285715,0.2,0.34782608695652173,0.9677419354838709,0.05764947499349165,0.7704032258064516
136,Igor Thiago,Nascimento Rodrigues,4,6.3,60,921,8,0,2,3,0,9,343.4,93.5,363.0,7.0,5,Brentford,9.523809523809524,Brighton,0,0.06514657980456026,799.9,False,False,False,True,0.2252252252252252,0.5841584158415841,0.9302325581395349,0.5714285714285714,0.0,0.391304347826087,0.8387096774193548,0.05998164378138104,0.6450806451612903
249,João Pedro,Junqueira de Jesus,4,7.5,59,929,4,3,5,0,0,12,275.4,211.2,282.0,5.0,7,Chelsea,7.866666666666666,Burnley,0,0.06350914962325081,768.5999999999999,False,False,False,True,0.3333333333333333,0.5742574257425742,0.9383215369059656,0.2857142857142857,0.6,0.5217391304347826,0.6236559139784945,0.05833516702448424,0.6198387096774193
72,Marcos,Senesi Barón,2,5.0,58,977,0,2,4,3,0,6,350.0,91.3,31.0,3.0,4,Bournemouth,11.6,West Ham,1,0.0593654042988741,472.3,False,True,False,False,0.10810810810810811,0.5643564356435643,0.9868554095045501,0.0,0.4,0.2608695652173913,0.4086021505376344,0.05416852807953086,0.3808870967741936
575,Micky,van de Ven,2,4.8,58,979,3,0,4,2,0,5,253.4,33.9,120.0,6.5,18,Spurs,12.083333333333334,Arsenal,0,0.059244126659857,407.3,False,True,False,False,0.09009009009009007,0.5643564356435643,0.9888776541961577,0.21428571428571427,0.0,0.21739130434782608,0.7849462365591398,0.054046580398309244,0.3284677419354839
295,Michael,Keane,2,4.5,56,964,2,0,3,0,0,4,293.4,20.2,105.0,5.2,9,Everton,12.444444444444445,Man Utd,0,0.058091286307053944,418.59999999999997,False,True,False,False,0.06306306306306307,0.5445544554455446,0.9737108190091001,0.14285714285714285,0.0,0.17391304347826086,0.6451612903225806,0.052887370761789045,0.33758064516129027
257,Maxence,Lacroix,2,5.0,56,990,0,1,5,1,0,2,234.8,31.7,58.0,4.8,8,Crystal Palace,11.2,Wolves,0,0.05656565656565657,324.5,False,True,False,False,0.10810810810810811,0.5445544554455446,1.0,0.0,0.2,0.08695652173913043,0.6021505376344085,0.05135331212679279,0.2616935483870968
670,Robin,Roefs,1,4.7,56,990,0,0,4,1,0,6,323.8,20.0,0.0,3.8,17,Sunderland,11.914893617021276,Fulham,0,0.05656565656565657,343.8,True,False,False,False,0.0810810810810811,0.5445544554455446,1.0,0.0,0.0,0.2608695652173913,0.49462365591397844,0.05135331212679279,0.27725806451612905
226,Trevoh,Chalobah,2,5.1,55,840,2,1,5,2,1,2,254.8,52.0,85.0,5.0,7,Chelsea,10.784313725490197,Burnley,0,0.06547619047619048,391.8,False,True,False,False,0.11711711711711709,0.5346534653465347,0.8483316481294236,0.14285714285714285,0.2,0.08695652173913043,0.6236559139784945,0.06031307550644567,0.3159677419354839
258,Tyrick,Mitchell,2,5.0,55,990,1,0,5,2,0,5,238.0,160.7,81.0,5.0,8,Crystal Palace,11.0,Wolves,0,0.05555555555555555,479.7,False,True,False,False,0.10810810810810811,0.5346534653465347,1.0,0.07142857142857142,0.0,0.21739130434782608,0.6236559139784945,0.05033763044812768,0.3868548387096774
299,Iliman,Ndiaye,3,6.6,55,914,4,1,3,2,0,3,278.8,193.3,202.0,4.5,9,Everton,8.333333333333334,Man Utd,0,0.060175054704595186,674.1,False,False,True,False,0.25225225225225223,0.5346534653465347,0.923154701718908,0.2857142857142857,0.2,0.13043478260869565,0.5698924731182795,0.05498265169191339,0.5436290322580646
381,Mohamed,Salah,3,14.2,54,984,4,2,3,1,0,4,229.8,300.3,308.0,5.0,12,Liverpool,3.802816901408451,Nott'm Forest,1,0.054878048780487805,838.1,False,False,True,False,0.9369369369369367,0.5247524752475248,0.993933265925177,0.2857142857142857,0.4,0.17391304347826086,0.6236559139784945,0.049656380541705965,0.6758870967741936
1,David,Raya Martín,1,5.9,53,990,0,0,7,1,0,3,159.8,10.2,0.0,4.8,1,Arsenal,8.983050847457626,Spurs,1,0.05353535353535353,170.0,True,False,False,False,0.1891891891891892,0.5148514851485149,1.0,0.0,0.0,0.13043478260869565,0.6021505376344085,0.048306267090797474,0.13709677419354838
205,Josh,Cullen,3,5.0,53,941,2,1,3,1,0,8,273.6,150.3,77.0,4.0,3,Burnley,10.6,Chelsea,1,0.0563230605738576,500.90000000000003,False,False,True,False,0.10810810810810811,0.5148514851485149,0.9504550050556118,0.14285714285714285,0.2,0.34782608695652173,0.5161290322580645,0.05110937582564687,0.40395161290322584
469,Nick,Pope,1,5.2,52,976,0,1,5,1,0,3,284.6,0.0,0.0,2.8,15,Newcastle,10.0,Man City,1,0.05327868852459016,284.6,True,False,False,False,0.12612612612612614,0.504950495049505,0.9858442871587462,0.0,0.2,0.13043478260869565,0.3870967741935483,0.0480481840413006,0.22951612903225807
36,Matty,Cash,2,4.6,52,966,2,0,4,3,0,5,233.6,139.2,57.0,5.8,2,Aston Villa,11.304347826086955,Leeds,0,0.053830227743271224,429.79999999999995,False,True,False,False,0.07207207207207204,0.504950495049505,0.9757330637007078,0.14285714285714285,0.0,0.21739130434782608,0.7096774193548386,0.04860277043798543,0.3466129032258064
236,Pedro,Lomba Neto,3,7.1,52,829,3,2,5,0,0,5,216.2,270.4,171.0,8.0,7,Chelsea,7.323943661971831,Burnley,0,0.06272617611580217,657.5999999999999,False,False,True,False,0.29729729729729726,0.504950495049505,0.8372093023255814,0.21428571428571427,0.4,0.21739130434782608,0.946236559139785,0.05754786769655246,0.5303225806451612
261,Chris,Richards,2,4.5,52,990,0,0,5,0,0,0,262.2,49.3,42.0,4.8,8,Crystal Palace,11.555555555555555,Wolves,0,0.052525252525252523,353.5,False,True,False,False,0.06306306306306307,0.504950495049505,1.0,0.0,0.0,0.0,0.6021505376344085,0.047290585412132366,0.28508064516129034
390,Ryan,Gravenberch,3,5.6,52,781,3,2,3,2,0,10,229.0,126.8,65.0,3.8,12,Liverpool,9.285714285714286,Nott'm Forest,1,0.06658130601792574,420.8,False,False,True,False,0.16216216216216212,0.504950495049505,0.788675429726997,0.21428571428571427,0.4,0.43478260869565216,0.49462365591397844,0.06142429665890875,0.3393548387096774
668,Granit,Xhaka,3,5.1,52,990,1,3,4,4,0,4,300.4,244.6,37.0,5.0,17,Sunderland,10.19607843137255,Fulham,0,0.052525252525252523,582.0,False,False,True,False,0.11711711711711709,0.504950495049505,1.0,0.07142857142857142,0.6,0.17391304347826086,0.6236559139784945,0.047290585412132366,0.4693548387096774
694,Nordi,Mukiele,2,4.2,51,810,1,1,3,1,0,5,234.2,74.9,61.0,6.0,17,Sunderland,12.142857142857142,Fulham,0,0.06296296296296296,370.1,False,True,False,False,0.036036036036036063,0.49504950495049505,0.8179979777553084,0.07142857142857142,0.2,0.21739130434782608,0.7311827956989246,0.05778596275833844,0.29846774193548387
673,João Maria,Lobo Alves Palhares Costa Palhinha Gonçalves,3,5.5,51,861,2,1,3,3,0,8,241.2,50.0,91.0,5.2,18,Spurs,9.272727272727272,Arsenal,0,0.059233449477351915,382.2,False,False,True,False,0.15315315315315314,0.49504950495049505,0.8695652173913043,0.14285714285714285,0.2,0.34782608695652173,0.6451612903225806,0.05403584422584557,0.3082258064516129
411,Nico,O'Reilly,2,4.9,51,683,1,2,5,2,0,2,208.8,129.8,79.0,7.8,13,Man City,10.408163265306122,Newcastle,0,0.0746705710102489,417.6,False,True,False,False,0.09909909909909913,0.49504950495049505,0.6895854398382204,0.07142857142857142,0.4,0.08695652173913043,0.9247311827956988,0.06955825372301272,0.3367741935483871
488,Bruno,Guimarães Rodriguez Moura,3,6.6,50,895,3,2,4,3,0,6,221.0,232.2,107.0,5.0,15,Newcastle,7.575757575757576,Man City,1,0.055865921787709494,560.2,False,False,True,False,0.25225225225225223,0.48514851485148514,0.9039433771486349,0.21428571428571427,0.4,0.2608695652173913,0.6236559139784945,0.05064971141084601,0.45177419354838716
160,Yankuba,Minteh,3,6.0,50,949,1,5,3,0,0,3,193.0,245.8,248.0,4.8,6,Brighton,8.333333333333334,Brentford,1,0.05268703898840885,686.8,False,False,True,False,0.1981981981981982,0.48514851485148514,0.9585439838220424,0.07142857142857142,1.0,0.13043478260869565,0.6021505376344085,0.04745326572315144,0.5538709677419354
449,Bruno,Borges Fernandes,3,8.9,50,980,2,3,1,2,0,8,313.0,413.3,194.0,5.5,14,Man Utd,5.617977528089887,Everton,1,0.05102040816326531,920.3,False,False,True,False,0.45945945945945943,0.48514851485148514,0.9898887765419616,0.14285714285714285,0.6,0.34782608695652173,0.6774193548387096,0.04577742699289661,0.7421774193548387
283,Jean-Philippe,Mateta,4,8.1,50,959,6,0,6,2,0,6,271.8,67.5,413.0,7.5,8,Crystal Palace,6.172839506172839,Wolves,0,0.05213764337851929,752.3,False,False,False,True,0.3873873873873873,0.48514851485148514,0.9686552072800809,0.42857142857142855,0.0,0.2608695652173913,0.8924731182795699,0.04690083477840061,0.6066935483870968
531,Daniel,Ballard,2,4.6,49,579,2,1,2,0,0,5,253.0,55.1,175.0,6.5,17,Sunderland,10.652173913043478,Fulham,0,0.0846286701208981,483.1,False,True,False,False,0.07207207207207204,0.4752475247524752,0.5844287158746209,0.14285714285714285,0.2,0.21739130434782608,0.7849462365591398,0.07957136995582019,0.3895967741935484
224,Marc,Cucurella Saseta,2,6.1,49,896,0,2,5,2,0,5,202.0,211.7,72.0,5.5,7,Chelsea,8.032786885245901,Burnley,0,0.0546875,485.7,False,True,False,False,0.20720720720720717,0.4752475247524752,0.9049544994944388,0.0,0.4,0.21739130434782608,0.6774193548387096,0.04946477900552486,0.39169354838709675
200,Jaidon,Anthony,3,5.6,49,886,4,1,3,3,0,5,235.6,159.7,204.0,2.0,3,Burnley,8.75,Chelsea,1,0.055304740406320545,599.3,False,False,True,False,0.16216216216216212,0.4752475247524752,0.8948432760364005,0.2857142857142857,0.2,0.21739130434782608,0.30107526881720426,0.050085429579836124,0.4833064516129032
237,Enzo,Fernández,3,6.7,48,880,3,2,4,2,0,3,233.0,263.8,271.0,1.8,7,Chelsea,7.164179104477612,Burnley,0,0.05454545454545454,767.8,False,False,True,False,0.26126126126126126,0.46534653465346537,0.8887765419615774,0.21428571428571427,0.4,0.13043478260869565,0.27956989247311825,0.049321948769462574,0.6191935483870967
476,Dan,Burn,2,5.2,48,972,0,1,5,3,1,4,177.2,48.6,43.0,1.2,15,Newcastle,9.23076923076923,Man City,1,0.04938271604938271,268.79999999999995,False,True,False,False,0.12612612612612614,0.46534653465346537,0.9817997977755308,0.0,0.2,0.17391304347826086,0.2150537634408602,0.04413068685628538,0.21677419354838706
26,Martín,Zubimendi Ibáñez,3,5.4,48,937,2,1,7,2,0,4,214.6,168.9,73.0,4.0,1,Arsenal,8.888888888888888,Spurs,1,0.051227321237993596,456.5,False,False,True,False,0.14414414414414417,0.46534653465346537,0.9464105156723963,0.14285714285714285,0.2,0.17391304347826086,0.5161290322580645,0.04598548323378361,0.3681451612903226
84,Marcus,Tavernier,3,5.5,47,856,2,1,5,0,0,6,180.6,225.7,149.0,5.0,4,Bournemouth,8.545454545454545,West Ham,1,0.054906542056074766,555.3,False,False,True,False,0.15315315315315314,0.45544554455445546,0.8645096056622852,0.14285714285714285,0.2,0.2608695652173913,0.6236559139784945,0.04968503123870501,0.44782258064516123
328,Ryan,Sessegnon,3,5.4,47,836,2,2,2,0,0,5,201.8,89.1,100.0,6.0,10,Fulham,8.703703703703702,Sunderland,1,0.056220095693779906,390.9,False,False,True,False,0.14414414414414417,0.45544554455445546,0.8442871587462083,0.14285714285714285,0.4,0.21739130434782608,0.7311827956989246,0.05100584207882841,0.31524193548387097
457,Carlos Henrique,Casimiro,3,5.5,47,617,3,2,3,3,1,5,207.8,96.5,95.0,8.0,14,Man Utd,8.545454545454545,Everton,1,0.07617504051863858,399.3,False,False,True,False,0.15315315315315314,0.45544554455445546,0.6228513650151668,0.21428571428571427,0.4,0.21739130434782608,0.946236559139785,0.07107103521763658,0.32201612903225807
565,Guglielmo,Vicario,1,5.0,47,990,0,0,4,0,0,5,286.8,0.1,0.0,3.0,18,Spurs,9.4,Arsenal,0,0.047474747474747475,286.90000000000003,True,False,False,False,0.10810810810810811,0.45544554455445546,1.0,0.0,0.0,0.21739130434782608,0.4086021505376344,0.04221217701880685,0.23137096774193552
267,Ismaïla,Sarr,3,6.7,46,792,3,1,5,1,0,6,185.6,105.5,175.0,2.5,8,Crystal Palace,6.865671641791044,Wolves,0,0.05808080808080808,466.1,False,False,True,False,0.26126126126126126,0.44554455445544555,0.7997977755308392,0.21428571428571427,0.2,0.2608695652173913,0.3548387096774193,0.05287683464479044,0.3758870967741936
225,Reece,James,2,5.6,46,706,1,3,3,2,0,4,200.4,219.1,54.0,6.8,7,Chelsea,8.214285714285715,Burnley,0,0.06515580736543909,473.5,False,True,False,False,0.16216216216216212,0.44554455445544555,0.7128412537917088,0.07142857142857142,0.6,0.17391304347826086,0.8172043010752688,0.05999092232325919,0.3818548387096774
568,Pedro,Porro Sauceda,2,5.5,46,863,0,2,4,1,0,2,179.2,207.8,25.0,4.0,18,Spurs,8.363636363636363,Arsenal,0,0.05330243337195829,412.0,False,True,False,False,0.15315315315315314,0.44554455445544555,0.871587462082912,0.0,0.4,0.08695652173913043,0.5161290322580645,0.04807206007567076,0.33225806451612905
348,Joe,Rodon,2,4.1,46,990,2,0,2,0,0,5,298.0,30.6,126.0,4.0,11,Leeds,11.219512195121952,Aston Villa,1,0.046464646464646465,454.6,False,True,False,False,0.027027027027027008,0.44554455445544555,1.0,0.14285714285714285,0.0,0.21739130434782608,0.5161290322580645,0.04119649534014175,0.3666129032258065
384,Cody,Gakpo,3,7.5,46,829,3,2,3,0,0,2,195.8,293.1,273.0,3.2,12,Liverpool,6.133333333333334,Nott'm Forest,1,0.05548854041013269,761.9000000000001,False,False,True,False,0.3333333333333333,0.44554455445544555,0.8372093023255814,0.21428571428571427,0.4,0.08695652173913043,0.4301075268817204,0.05027024505328259,0.6144354838709678
624,Jarrod,Bowen,4,7.7,46,990,3,1,1,0,0,9,224.6,196.3,274.0,2.8,19,West Ham,5.974025974025974,Bournemouth,0,0.046464646464646465,694.9,False,False,False,True,0.3513513513513513,0.44554455445544555,1.0,0.21428571428571427,0.2,0.391304347826087,0.3870967741935483,0.04119649534014175,0.5604032258064516
253,Dean,Henderson,1,5.0,45,990,0,0,5,1,0,2,214.4,10.0,0.0,4.5,8,Crystal Palace,9.0,Wolves,0,0.045454545454545456,224.4,True,False,False,False,0.10810810810810811,0.43564356435643564,1.0,0.0,0.0,0.08695652173913043,0.5698924731182795,0.04018081366147665,0.18096774193548387
407,Matheus,Nunes,2,5.3,45,693,1,2,3,1,0,4,178.4,87.9,26.0,6.0,13,Man City,8.49056603773585,Newcastle,0,0.06493506493506493,292.3,False,True,False,False,0.13513513513513511,0.43564356435643564,0.6996966632962589,0.07142857142857142,0.4,0.17391304347826086,0.7311827956989246,0.0597689603214465,0.23572580645161292
74,Adrien,Truffert,2,4.5,45,962,0,1,4,2,0,6,207.8,156.6,31.0,3.2,4,Bournemouth,10.0,West Ham,1,0.04677754677754678,395.4,False,True,False,False,0.06306306306306307,0.43564356435643564,0.9716885743174924,0.0,0.2,0.2608695652173913,0.4301075268817204,0.041511124384052564,0.31887096774193546
612,Lucas,Tolentino Coelho de Lima,3,5.9,45,959,3,1,1,5,0,5,263.0,248.9,135.0,4.0,19,West Ham,7.627118644067796,Bournemouth,0,0.04692387904066736,646.9,False,False,True,False,0.1891891891891892,0.43564356435643564,0.9686552072800809,0.21428571428571427,0.2,0.21739130434782608,0.5161290322580645,0.04165826511271525,0.5216935483870968
408,Rúben,dos Santos Gato Alves Dias,2,5.5,45,905,0,0,5,0,0,1,210.6,34.9,14.0,4.5,13,Man City,8.181818181818182,Newcastle,0,0.049723756906077346,259.5,False,True,False,False,0.15315315315315314,0.43564356435643564,0.9140546006066734,0.0,0.0,0.043478260869565216,0.5698924731182795,0.04447361191660816,0.20927419354838708
582,Mohammed,Kudus,3,6.5,45,875,1,5,4,3,0,4,206.4,264.1,192.0,1.5,18,Spurs,6.923076923076923,Arsenal,0,0.05142857142857143,662.5,False,False,True,False,0.24324324324324323,0.43564356435643564,0.8837209302325582,0.07142857142857142,1.0,0.17391304347826086,0.24731182795698922,0.0461878453038674,0.5342741935483871
16,Bukayo,Saka,3,10.1,45,681,3,0,5,0,0,5,194.2,257.3,229.0,6.2,1,Arsenal,4.455445544554456,Spurs,1,0.06607929515418502,680.5,False,False,True,False,0.5675675675675674,0.43564356435643564,0.6875631951466128,0.21428571428571427,0.0,0.21739130434782608,0.7526881720430108,0.06091951225448439,0.5487903225806452
683,Omar,Alderete,2,4.1,45,667,1,1,3,1,0,4,228.4,38.6,77.0,1.5,17,Sunderland,10.975609756097562,Fulham,0,0.06746626686656672,344.0,False,True,False,False,0.027027027027027008,0.43564356435643564,0.673407482305359,0.07142857142857142,0.2,0.17391304347826086,0.24731182795698922,0.06231414679400631,0.27741935483870966
178,Danny,Welbeck,4,6.5,45,709,6,0,2,2,0,6,226.4,114.1,190.0,6.8,6,Brighton,6.923076923076923,Brentford,1,0.06346967559943582,530.5,False,False,False,True,0.24324324324324323,0.43564356435643564,0.7158746208291203,0.42857142857142855,0.0,0.2608695652173913,0.8172043010752688,0.058295474912139884,0.42782258064516127
597,Richarlison,de Andrade,4,6.4,44,631,4,2,2,2,0,7,191.4,65.6,253.0,3.0,18,Spurs,6.875,Arsenal,0,0.06973058637083994,510.0,False,False,False,True,0.23423423423423426,0.42574257425742573,0.6370070778564206,0.2857142857142857,0.4,0.30434782608695654,0.4086021505376344,0.06459097635078934,0.4112903225806452
418,Jérémy,Doku,3,6.4,44,617,1,4,4,0,0,6,190.2,299.0,230.0,3.8,13,Man City,6.875,Newcastle,0,0.0713128038897893,719.2,False,False,True,False,0.23423423423423426,0.42574257425742573,0.6228513650151668,0.07142857142857142,0.8,0.2608695652173913,0.49462365591397844,0.06618193540299257,0.5800000000000001
387,Dominik,Szoboszlai,3,6.6,44,990,1,1,3,4,0,7,254.8,295.8,120.0,4.2,12,Liverpool,6.666666666666667,Nott'm Forest,1,0.044444444444444446,670.6,False,False,True,False,0.25225225225225223,0.42574257425742573,1.0,0.07142857142857142,0.2,0.30434782608695654,0.5376344086021505,0.03916513198281154,0.5408064516129032
419,Jack,Grealish,3,6.8,43,826,1,4,3,3,0,7,244.6,317.5,244.0,1.5,9,Everton,6.323529411764706,Man Utd,0,0.05205811138014528,806.1,False,False,True,False,0.27027027027027023,0.4158415841584158,0.8341759352881699,0.07142857142857142,0.8,0.30434782608695654,0.24731182795698922,0.046820863376720666,0.6500806451612904
291,James,Tarkowski,2,5.4,43,990,0,0,3,2,0,1,260.4,74.4,70.0,2.8,9,Everton,7.962962962962963,Man Utd,0,0.043434343434343436,404.79999999999995,False,True,False,False,0.14414414414414417,0.4158415841584158,1.0,0.0,0.0,0.043478260869565216,0.3870967741935483,0.03814945030414644,0.3264516129032258
37,Lucas,Digne,2,4.5,42,817,0,3,4,2,0,0,161.4,181.5,58.0,5.2,2,Aston Villa,9.333333333333334,Leeds,0,0.051407588739290085,400.9,False,True,False,False,0.06306306306306307,0.40594059405940597,0.8250758341759353,0.0,0.6,0.0,0.6451612903225806,0.04616674668812594,0.3233064516129032
287,Jordan,Pickford,1,5.5,42,990,0,0,3,0,0,3,282.2,0.1,0.0,3.0,9,Everton,7.636363636363637,Man Utd,0,0.04242424242424243,282.3,True,False,False,False,0.15315315315315314,0.40594059405940597,1.0,0.0,0.0,0.13043478260869565,0.4086021505376344,0.03713376862548133,0.22766129032258065
302,Idrissa Gana,Gueye,3,5.4,42,949,2,0,3,0,0,3,174.4,107.1,110.0,4.5,9,Everton,7.777777777777778,Man Utd,0,0.044257112750263436,391.5,False,False,True,False,0.14414414414414417,0.40594059405940597,0.9585439838220424,0.14285714285714285,0.0,0.13043478260869565,0.5698924731182795,0.03897676530689472,0.3157258064516129
303,James,Garner,3,5.0,42,990,1,1,3,4,0,5,239.4,196.5,95.0,2.2,9,Everton,8.4,Man Utd,0,0.04242424242424243,530.9,False,False,True,False,0.10810810810810811,0.40594059405940597,1.0,0.07142857142857142,0.2,0.21739130434782608,0.3225806451612903,0.03713376862548133,0.42814516129032254
350,Brenden,Aaronson,3,5.4,41,709,1,3,2,1,0,3,152.0,159.5,154.0,5.5,11,Leeds,7.592592592592592,Aston Villa,1,0.05782792665726375,465.5,False,False,True,False,0.14414414414414417,0.39603960396039606,0.7158746208291203,0.07142857142857142,0.6,0.13043478260869565,0.6774193548387096,0.052622556086309405,0.37540322580645163
532,Trai,Hume,2,4.5,41,978,0,1,4,1,0,2,153.0,126.1,48.0,3.8,17,Sunderland,9.11111111111111,Fulham,0,0.041922290388548056,327.1,False,True,False,False,0.06306306306306307,0.39603960396039606,0.9878665318503539,0.0,0.2,0.08695652173913043,0.49462365591397844,0.036629043374120145,0.26379032258064516
560,Wilson,Isidor,4,5.6,41,670,4,0,3,0,0,7,137.6,13.8,228.0,3.2,17,Sunderland,7.321428571428572,Fulham,0,0.06119402985074627,379.4,False,False,False,True,0.16216216216216212,0.39603960396039606,0.6764408493427705,0.2857142857142857,0.0,0.30434782608695654,0.4301075268817204,0.05600725653500453,0.3059677419354839
517,Elliot,Anderson,3,5.3,41,990,1,1,0,2,0,1,236.0,281.8,94.0,4.8,16,Nott'm Forest,7.735849056603774,Liverpool,0,0.04141414141414142,611.8,False,False,True,False,0.13513513513513511,0.39603960396039606,1.0,0.07142857142857142,0.2,0.043478260869565216,0.6021505376344085,0.03611808694681623,0.4933870967741935
266,Eberechi,Eze,3,7.6,41,700,1,3,6,0,0,3,127.0,104.9,202.0,4.8,1,Arsenal,5.394736842105264,Spurs,1,0.05857142857142857,433.9,False,False,True,False,0.3423423423423423,0.39603960396039606,0.7067745197168858,0.07142857142857142,0.6,0.13043478260869565,0.6021505376344085,0.05337016574585635,0.3499193548387097
373,Virgil,van Dijk,2,5.9,41,990,0,0,3,2,0,4,317.2,45.8,62.0,3.0,12,Liverpool,6.949152542372881,Nott'm Forest,1,0.04141414141414142,425.0,False,True,False,False,0.1891891891891892,0.39603960396039606,1.0,0.0,0.0,0.17391304347826086,0.4086021505376344,0.03611808694681623,0.34274193548387094
120,Kevin,Schade,3,7.0,40,920,3,2,2,4,0,2,190.8,152.0,251.0,5.5,5,Brentford,5.714285714285714,Brighton,0,0.043478260869565216,593.8,False,False,True,False,0.2882882882882883,0.38613861386138615,0.9292214357937311,0.21428571428571427,0.4,0.08695652173913043,0.6774193548387096,0.03819361037713187,0.47887096774193544
714,Nick,Woltemade,4,7.4,40,613,4,1,4,0,0,6,151.8,64.4,166.0,4.0,15,Newcastle,5.405405405405405,Man City,1,0.06525285481239804,382.20000000000005,False,False,False,True,0.32432432432432434,0.38613861386138615,0.6188068756319515,0.2857142857142857,0.2,0.2608695652173913,0.5161290322580645,0.060088505943958245,0.30822580645161296
67,Đorđe,Petrović,1,4.5,40,990,0,0,4,1,0,1,276.4,0.0,0.0,3.2,4,Bournemouth,8.88888888888889,West Ham,1,0.04040404040404041,276.4,True,False,False,False,0.06306306306306307,0.38613861386138615,1.0,0.0,0.0,0.043478260869565216,0.4301075268817204,0.03510240526815112,0.22290322580645158
20,Leandro,Trossard,3,6.9,40,642,2,2,4,0,0,4,147.0,157.0,174.0,7.0,1,Arsenal,5.797101449275362,Spurs,1,0.06230529595015576,478.0,False,False,True,False,0.2792792792792793,0.38613861386138615,0.6481294236602629,0.14285714285714285,0.4,0.17391304347826086,0.8387096774193548,0.057124662226123474,0.38548387096774195
151,Jan Paul,van Hecke,2,4.4,40,990,1,0,2,3,0,4,320.4,43.3,101.0,4.5,6,Brighton,9.09090909090909,Brentford,1,0.04040404040404041,464.7,False,True,False,False,0.05405405405405409,0.38613861386138615,1.0,0.07142857142857142,0.0,0.17391304347826086,0.5698924731182795,0.03510240526815112,0.37475806451612903
660,Anton,Stach,3,4.9,40,798,1,2,2,1,0,3,159.2,235.3,101.0,1.8,11,Leeds,8.16326530612245,Aston Villa,1,0.05012531328320802,495.5,False,False,True,False,0.09909909909909913,0.38613861386138615,0.8058645096056622,0.07142857142857142,0.4,0.13043478260869565,0.27956989247311825,0.044877386837258885,0.3995967741935484
324,Alex,Iwobi,3,6.5,40,899,1,2,2,2,0,5,176.4,300.3,98.0,2.5,10,Fulham,6.153846153846154,Sunderland,1,0.04449388209121246,574.7,False,False,True,False,0.24324324324324323,0.38613861386138615,0.9079878665318504,0.07142857142857142,0.4,0.21739130434782608,0.3548387096774193,0.03921484276574954,0.4634677419354839
32,Emiliano,Martínez Romero,1,5.0,40,810,0,0,3,1,0,3,179.8,3.0,0.0,6.2,2,Aston Villa,8.0,Leeds,0,0.04938271604938271,182.8,True,False,False,False,0.10810810810810811,0.38613861386138615,0.8179979777553084,0.0,0.0,0.13043478260869565,0.7526881720430108,0.04413068685628538,0.1474193548387097
515,Morgan,Gibbs-White,3,7.3,40,906,2,1,0,0,0,4,154.4,202.3,225.0,5.5,16,Nott'm Forest,5.47945205479452,Liverpool,0,0.04415011037527594,581.7,False,False,True,False,0.31531531531531526,0.38613861386138615,0.9150657229524772,0.14285714285714285,0.2,0.17391304347826086,0.6774193548387096,0.038869171758564754,0.4691129032258065
50,Emiliano,Buendía Stati,3,5.3,39,435,3,2,2,2,0,7,180.6,112.7,111.0,5.5,2,Aston Villa,7.358490566037736,Leeds,0,0.0896551724137931,404.3,False,False,True,False,0.13513513513513511,0.37623762376237624,0.43882709807886755,0.21428571428571427,0.4,0.30434782608695654,0.6774193548387096,0.08462564297961517,0.3260483870967742
661,Hugo,Ekitiké,4,8.6,39,630,3,1,3,0,0,7,155.6,82.8,136.0,1.5,12,Liverpool,4.534883720930233,Nott'm Forest,1,0.06190476190476191,374.4,False,False,False,True,0.43243243243243235,0.37623762376237624,0.6359959555106168,0.21428571428571427,0.2,0.30434782608695654,0.24731182795698922,0.056721915285451195,0.30193548387096775
374,Ibrahima,Konaté,2,5.4,39,922,0,0,3,2,0,3,229.0,73.1,33.0,3.8,12,Liverpool,7.222222222222221,Nott'm Forest,1,0.04229934924078091,335.1,False,True,False,False,0.14414414414414417,0.37623762376237624,0.9312436804853387,0.0,0.0,0.13043478260869565,0.49462365591397844,0.03700818542443163,0.270241935483871
6,William,Saliba,2,6.0,39,724,0,0,5,0,0,1,169.6,34.1,16.0,3.5,1,Arsenal,6.5,Spurs,1,0.05386740331491713,219.7,False,True,False,False,0.1981981981981982,0.37623762376237624,0.731041456016178,0.0,0.0,0.043478260869565216,0.4623655913978494,0.04864015139952993,0.1771774193548387
228,Malo,Gusto,2,4.9,39,549,1,1,4,0,1,3,113.6,105.6,59.0,6.0,7,Chelsea,7.959183673469387,Burnley,0,0.07103825136612021,278.2,False,True,False,False,0.09909909909909913,0.37623762376237624,0.5540950455005056,0.07142857142857142,0.2,0.13043478260869565,0.7311827956989246,0.06590586601455183,0.2243548387096774
83,Dango,Ouattara,3,6.0,39,640,2,2,2,2,0,4,108.6,60.2,250.0,5.0,5,Brentford,6.5,Brighton,0,0.0609375,418.8,False,False,True,False,0.1981981981981982,0.37623762376237624,0.6461071789686552,0.14285714285714285,0.4,0.17391304347826086,0.6236559139784945,0.05574930939226519,0.337741935483871
436,Matthijs,de Ligt,2,5.0,39,990,1,0,1,0,0,5,242.8,44.5,81.0,3.2,14,Man Utd,7.8,Everton,1,0.03939393939393939,368.3,False,True,False,False,0.10810810810810811,0.37623762376237624,1.0,0.07142857142857142,0.0,0.21739130434782608,0.4301075268817204,0.034086723589486015,0.29701612903225805
317,Joachim,Andersen,2,4.5,39,851,0,0,2,0,0,2,232.6,31.3,47.0,2.5,10,Fulham,8.666666666666666,Sunderland,1,0.045828437132784956,310.9,False,True,False,False,0.06306306306306307,0.37623762376237624,0.8594539939332659,0.0,0.0,0.08695652173913043,0.3548387096774193,0.04055677103959592,0.2507258064516129
493,Sean,Longstaff,3,4.9,38,787,1,2,1,1,0,4,215.6,296.2,50.0,2.5,11,Leeds,7.755102040816326,Aston Villa,1,0.048284625158831,561.8,False,False,True,False,0.09909909909909913,0.36633663366336633,0.7947421638018201,0.07142857142857142,0.4,0.17391304347826086,0.3548387096774193,0.04302652916523338,0.4530645161290322
593,Pape Matar,Sarr,3,4.8,37,570,2,2,3,0,0,0,139.6,67.0,77.0,3.2,18,Spurs,7.708333333333334,Arsenal,0,0.06491228070175438,283.6,False,False,True,False,0.09009009009009007,0.3564356435643564,0.5753286147623863,0.14285714285714285,0.4,0.0,0.4301075268817204,0.0597460502083939,0.22870967741935486
220,Robert,Lynch Sánchez,1,4.8,37,904,0,0,5,1,1,1,158.4,20.0,0.0,4.5,7,Chelsea,7.708333333333334,Burnley,0,0.04092920353982301,178.4,True,False,False,False,0.09009009009009007,0.3564356435643564,0.9130434782608695,0.0,0.0,0.043478260869565216,0.5698924731182795,0.035630469857722585,0.1438709677419355
477,Tino,Livramento,2,4.9,37,526,0,1,5,0,0,3,71.4,56.3,16.0,0.0,15,Newcastle,7.551020408163264,Man City,1,0.07034220532319392,143.7,False,True,False,False,0.09909909909909913,0.3564356435643564,0.5308392315470172,0.0,0.2,0.13043478260869565,0.08602150537634408,0.06520597441337732,0.11588709677419354
452,Amad,Diallo,3,6.3,37,753,1,3,2,1,0,5,189.6,204.3,156.0,5.8,14,Man Utd,5.8730158730158735,Everton,1,0.049136786188579015,549.9,False,False,True,False,0.2252252252252252,0.3564356435643564,0.7603640040444893,0.07142857142857142,0.6,0.21739130434782608,0.7096774193548386,0.04388339826696895,0.44346774193548383
666,Viktor,Gyökeres,4,8.9,37,801,4,0,5,1,0,4,158.6,106.9,312.0,2.8,1,Arsenal,4.157303370786517,Spurs,1,0.046192259675405745,577.5,False,False,False,True,0.45945945945945943,0.3564356435643564,0.8088978766430738,0.2857142857142857,0.0,0.17391304347826086,0.3870967741935483,0.04092260365151296,0.4657258064516129
85,Tyler,Adams,3,5.0,37,953,1,1,4,4,0,1,203.8,61.0,88.0,4.8,4,Bournemouth,7.4,West Ham,1,0.03882476390346275,352.8,False,False,True,False,0.10810810810810811,0.3564356435643564,0.9625884732052579,0.07142857142857142,0.2,0.043478260869565216,0.6021505376344085,0.03351440348303989,0.2845161290322581
489,Jacob,Murphy,3,6.1,36,566,2,1,4,0,0,2,141.8,110.3,223.0,4.8,15,Newcastle,5.901639344262295,Man City,1,0.0636042402826855,475.1,False,False,True,False,0.20720720720720717,0.3465346534653465,0.5712841253791708,0.14285714285714285,0.2,0.08695652173913043,0.6021505376344085,0.058430783046678245,0.3831451612903226
90,Alex,Scott,3,5.0,36,727,1,1,4,1,0,2,136.6,111.4,52.0,3.0,4,Bournemouth,7.2,West Ham,1,0.04951856946354883,300.0,False,False,True,False,0.10810810810810811,0.3465346534653465,0.7340748230535895,0.07142857142857142,0.2,0.08695652173913043,0.4086021505376344,0.04426729084180048,0.24193548387096775
192,Quilindschy,Hartman,2,4.0,36,977,0,4,2,1,0,0,242.4,176.3,36.0,3.8,3,Burnley,9.0,Chelsea,1,0.0368474923234391,454.70000000000005,False,True,False,False,0.018018018018018032,0.3465346534653465,0.9868554095045501,0.0,0.8,0.0,0.49462365591397844,0.03152620775064042,0.36669354838709683
173,Mats,Wieffer,3,4.9,36,639,0,3,2,3,0,2,166.6,110.8,57.0,6.0,6,Brighton,7.346938775510203,Brentford,1,0.056338028169014086,334.4,False,False,True,False,0.09909909909909913,0.3465346534653465,0.6450960566228514,0.0,0.6,0.08695652173913043,0.7311827956989246,0.051124426114699244,0.2696774193548387
47,Morgan,Rogers,3,6.8,35,976,1,2,4,2,0,0,143.4,154.4,152.0,3.2,2,Aston Villa,5.147058823529412,Leeds,0,0.035860655737704916,449.8,False,False,True,False,0.27027027027027023,0.33663366336633666,0.9858442871587462,0.07142857142857142,0.4,0.0,0.4301075268817204,0.030533919029073448,0.36274193548387096
242,Kiernan,Dewsbury-Hall,3,4.9,35,885,1,2,3,5,0,4,144.6,271.1,86.0,3.8,9,Everton,7.142857142857142,Man Utd,0,0.03954802259887006,501.70000000000005,False,False,True,False,0.09909909909909913,0.33663366336633666,0.8938321536905965,0.07142857142857142,0.4,0.17391304347826086,0.49462365591397844,0.034241658082841714,0.40459677419354845
585,Rodrigo,Bentancur,3,5.3,35,655,1,1,2,1,0,3,144.6,78.4,57.0,5.2,18,Spurs,6.60377358490566,Arsenal,0,0.05343511450381679,280.0,False,False,True,False,0.13513513513513511,0.33663366336633666,0.6612740141557129,0.07142857142857142,0.2,0.13043478260869565,0.6451612903225806,0.048205474252456665,0.22580645161290322
470,Martin,Dúbravka,1,4.0,35,990,0,0,2,0,0,2,344.4,0.0,0.0,3.8,3,Burnley,8.75,Chelsea,1,0.03535353535353535,344.4,True,False,False,False,0.018018018018018032,0.33663366336633666,1.0,0.0,0.0,0.08695652173913043,0.49462365591397844,0.0300239968748256,0.27774193548387094
648,Marshall,Munetsi,3,5.4,35,802,1,2,0,2,0,1,159.4,59.6,169.0,4.0,20,Wolves,6.481481481481481,Crystal Palace,1,0.043640897755610975,388.0,False,False,True,False,0.14414414414414417,0.33663366336633666,0.8099089989888777,0.07142857142857142,0.4,0.043478260869565216,0.5161290322580645,0.03835714580950938,0.31290322580645163
329,Harry,Wilson,3,5.2,34,652,2,1,2,1,0,4,131.6,129.3,135.0,3.2,10,Fulham,6.538461538461538,Sunderland,1,0.05214723926380368,395.9,False,False,True,False,0.12612612612612614,0.32673267326732675,0.6582406471183013,0.14285714285714285,0.2,0.17391304347826086,0.4301075268817204,0.046910483679625796,0.3192741935483871
110,Michael,Kayode,2,4.5,34,952,0,1,2,1,0,5,193.4,202.9,21.0,3.8,5,Brentford,7.555555555555555,Brighton,0,0.03571428571428571,417.3,False,True,False,False,0.06306306306306307,0.32673267326732675,0.961577350859454,0.0,0.2,0.21739130434782608,0.49462365591397844,0.030386740331491708,0.33653225806451614
569,Cristian,Romero,2,5.0,34,747,0,1,3,4,0,3,178.0,30.2,73.0,0.5,18,Spurs,6.8,Arsenal,0,0.04551539491298527,281.2,False,True,False,False,0.10810810810810811,0.32673267326732675,0.7542972699696663,0.0,0.2,0.13043478260869565,0.13978494623655913,0.04024199930476972,0.2267741935483871
547,Enzo,Le Fée,3,4.9,34,692,1,1,2,1,0,3,160.0,147.9,49.0,3.5,17,Sunderland,6.938775510204081,Fulham,0,0.049132947976878616,356.9,False,False,True,False,0.09909909909909913,0.32673267326732675,0.698685540950455,0.07142857142857142,0.2,0.13043478260869565,0.4623655913978494,0.043879538849679045,0.28782258064516125
113,Sepp,van den Berg,2,4.5,34,990,0,0,2,0,0,0,224.6,16.1,148.0,3.5,5,Brentford,7.555555555555555,Brighton,0,0.03434343434343434,388.7,False,True,False,False,0.06306306306306307,0.32673267326732675,1.0,0.0,0.0,0.0,0.4623655913978494,0.029008315196160497,0.3134677419354839
553,Chemsdine,Talbi,3,5.0,34,587,1,2,4,0,0,2,83.6,90.7,78.0,3.5,17,Sunderland,6.8,Fulham,0,0.05792163543441227,252.3,False,False,True,False,0.10810810810810811,0.32673267326732675,0.5925176946410515,0.07142857142857142,0.4,0.08695652173913043,0.4623655913978494,0.052716782591508464,0.2034677419354839
403,Joško,Gvardiol,2,5.8,34,609,0,1,3,0,0,3,133.0,47.4,33.0,2.5,13,Man City,5.862068965517242,Newcastle,0,0.05582922824302135,213.4,False,True,False,False,0.18018018018018014,0.32673267326732675,0.6147623862487361,0.0,0.2,0.13043478260869565,0.3548387096774193,0.05061281513939163,0.17209677419354838
314,Bernd,Leno,1,5.0,34,990,0,0,2,1,0,2,265.4,0.0,0.0,3.5,10,Fulham,6.8,Sunderland,1,0.03434343434343434,265.4,True,False,False,False,0.10810810810810811,0.32673267326732675,1.0,0.0,0.0,0.08695652173913043,0.4623655913978494,0.029008315196160497,0.21403225806451612
427,Tijjani,Reijnders,3,5.5,34,757,1,2,3,2,0,2,139.4,164.2,163.0,0.8,13,Man City,6.181818181818182,Newcastle,0,0.04491413474240423,466.6,False,False,True,False,0.15315315315315314,0.32673267326732675,0.7644084934277048,0.07142857142857142,0.4,0.08695652173913043,0.17204301075268816,0.0396374172547932,0.37629032258064515
442,Harry,Maguire,2,4.4,33,341,1,1,2,0,0,3,86.8,16.3,40.0,4.2,14,Man Utd,7.499999999999999,Everton,1,0.0967741935483871,143.1,False,True,False,False,0.05405405405405409,0.31683168316831684,0.3437815975733064,0.07142857142857142,0.2,0.13043478260869565,0.5376344086021505,0.09178399572268758,0.11540322580645161
129,Yehor,Yarmoliuk,3,5.0,33,868,0,1,2,1,0,0,141.2,101.4,43.0,2.5,5,Brentford,6.6,Brighton,0,0.038018433179723504,285.6,False,False,True,False,0.10810810810810811,0.31683168316831684,0.8766430738119313,0.0,0.2,0.0,0.3548387096774193,0.03270361789342363,0.2303225806451613
121,Mikkel,Damsgaard,3,5.8,33,715,1,1,2,0,0,3,161.4,239.4,86.0,3.5,5,Brentford,5.689655172413794,Brighton,0,0.046153846153846156,486.8,False,False,True,False,0.18018018018018014,0.31683168316831684,0.7219413549039434,0.07142857142857142,0.2,0.13043478260869565,0.4623655913978494,0.04088397790055249,0.3925806451612903
38,Ezri,Konsa Ngoyo,2,4.4,33,875,0,0,4,0,1,0,178.2,27.4,33.0,4.2,2,Aston Villa,7.499999999999999,Leeds,0,0.037714285714285714,238.6,False,True,False,False,0.05405405405405409,0.31683168316831684,0.8837209302325582,0.0,0.0,0.0,0.5376344086021505,0.032397790055248614,0.19241935483870967
491,Sandro,Tonali,3,5.4,32,869,0,1,5,0,0,1,154.8,220.8,92.0,2.2,15,Newcastle,5.925925925925926,Man City,1,0.03682393555811277,467.6,False,False,True,False,0.14414414414414417,0.3069306930693069,0.8776541961577351,0.0,0.2,0.043478260869565216,0.3225806451612903,0.03150252083743936,0.3770967741935484
106,Nathan,Collins,2,4.9,32,990,0,0,2,4,0,2,231.0,36.0,114.0,3.5,5,Brentford,6.530612244897958,Brighton,0,0.03232323232323232,381.0,False,True,False,False,0.09909909909909913,0.3069306930693069,1.0,0.0,0.0,0.08695652173913043,0.4623655913978494,0.02697695183883029,0.307258064516129
101,Caoimhín,Kelleher,1,4.5,32,990,0,0,2,1,0,0,211.2,10.0,0.0,2.8,5,Brentford,7.111111111111111,Brighton,0,0.03232323232323232,221.2,True,False,False,False,0.06306306306306307,0.3069306930693069,1.0,0.0,0.0,0.0,0.3870967741935483,0.02697695183883029,0.17838709677419354
676,Lesley,Ugochukwu,3,5.0,32,588,2,1,2,0,1,3,129.2,31.4,90.0,4.8,3,Burnley,6.4,Chelsea,1,0.05442176870748299,250.6,False,False,True,False,0.10810810810810811,0.3069306930693069,0.5935288169868554,0.14285714285714285,0.2,0.13043478260869565,0.6021505376344085,0.04919757958431991,0.20209677419354838
669,Dan,Ndoye,3,5.7,32,755,1,2,0,1,0,4,116.4,121.2,106.0,2.0,16,Nott'm Forest,5.614035087719298,Liverpool,0,0.0423841059602649,343.6,False,False,True,False,0.17117117117117117,0.3069306930693069,0.7623862487360971,0.07142857142857142,0.4,0.17391304347826086,0.30107526881720426,0.03709341041308404,0.2770967741935484
53,Donyell,Malen,3,5.1,32,332,3,0,0,0,0,3,113.6,47.2,126.0,2.5,2,Aston Villa,6.274509803921569,Leeds,0,0.0963855421686747,286.8,False,False,True,False,0.11711711711711709,0.3069306930693069,0.3346814964610718,0.21428571428571427,0.0,0.13043478260869565,0.3548387096774193,0.0913931970977834,0.23129032258064516
271,Daichi,Kamada,3,5.0,32,758,0,2,4,0,0,0,80.8,111.7,58.0,3.0,8,Crystal Palace,6.4,Wolves,0,0.04221635883905013,250.5,False,False,True,False,0.10810810810810811,0.3069306930693069,0.7654196157735086,0.0,0.4,0.0,0.4086021505376344,0.03692473651219405,0.20201612903225807
573,Djed,Spence,2,4.5,31,758,0,0,4,2,0,0,92.0,56.5,34.0,2.5,18,Spurs,6.888888888888889,Arsenal,0,0.040897097625329816,182.5,False,True,False,False,0.06306306306306307,0.297029702970297,0.7654196157735086,0.0,0.0,0.0,0.3548387096774193,0.03559818656248633,0.14717741935483872
681,Benjamin,Sesko,4,7.3,31,616,2,1,1,1,0,5,122.6,97.8,221.0,2.0,14,Man Utd,4.2465753424657535,Everton,1,0.05032467532467533,441.4,False,False,False,True,0.31531531531531526,0.297029702970297,0.621840242669363,0.14285714285714285,0.2,0.21739130434782608,0.30107526881720426,0.04507785032646911,0.35596774193548386
414,Phil,Foden,3,8.0,31,711,1,1,5,3,0,2,141.6,352.1,103.0,2.8,13,Man City,3.875,Newcastle,0,0.04360056258790436,596.7,False,False,True,False,0.37837837837837834,0.297029702970297,0.717896865520728,0.07142857142857142,0.2,0.08695652173913043,0.3870967741935483,0.038316587795572336,0.4812096774193549
475,Sven,Botman,2,4.9,31,642,0,0,3,0,0,4,159.4,35.0,43.0,1.2,15,Newcastle,6.326530612244897,Man City,1,0.048286604361370715,237.4,False,True,False,False,0.09909909909909913,0.297029702970297,0.6481294236602629,0.0,0.0,0.17391304347826086,0.2150537634408602,0.04302851930259376,0.19145161290322582
736,Gianluigi,Donnarumma,1,5.7,31,720,0,0,4,2,0,0,100.4,0.0,0.0,4.0,13,Man City,5.43859649122807,Newcastle,0,0.043055555555555555,100.4,True,False,False,False,0.17117117117117117,0.297029702970297,0.7269969666329625,0.0,0.0,0.0,0.5161290322580645,0.03776856967464702,0.08096774193548388
603,El Hadji Malick,Diouf,2,4.3,31,945,0,4,1,1,0,1,205.4,137.0,43.0,1.2,19,West Ham,7.209302325581396,Bournemouth,0,0.0328042328042328,385.4,False,True,False,False,0.045045045045045036,0.297029702970297,0.9544994944388271,0.0,0.8,0.043478260869565216,0.2150537634408602,0.027460609781051765,0.3108064516129032
685,Bafodé,Diakité,2,4.5,30,720,0,0,3,1,0,2,161.4,38.3,12.0,1.0,4,Bournemouth,6.666666666666667,West Ham,1,0.041666666666666664,211.7,False,True,False,False,0.06306306306306307,0.2871287128712871,0.7269969666329625,0.0,0.0,0.08695652173913043,0.1935483870967742,0.0363720073664825,0.1707258064516129
54,John,McGinn,3,5.4,30,837,1,0,5,1,0,0,135.6,208.8,68.0,2.2,2,Aston Villa,5.555555555555555,Leeds,0,0.035842293906810034,412.4,False,False,True,False,0.14414414414414417,0.2871287128712871,0.8452982810920121,0.07142857142857142,0.0,0.0,0.3225806451612903,0.030515455751599037,0.3325806451612903
158,Georginio,Rutter,3,5.7,30,678,0,3,4,2,0,1,97.6,112.4,101.0,3.5,6,Brighton,5.263157894736842,Brentford,1,0.04424778761061947,311.0,False,False,True,False,0.17117117117117117,0.2871287128712871,0.6845298281092013,0.0,0.6,0.043478260869565216,0.4623655913978494,0.03896738864714223,0.2508064516129032
478,Kieran,Trippier,2,5.0,30,699,0,0,4,1,0,2,113.0,230.7,4.0,0.8,15,Newcastle,6.0,Man City,1,0.04291845493562232,347.7,False,True,False,False,0.10810810810810811,0.2871287128712871,0.7057633973710818,0.0,0.0,0.08695652173913043,0.17204301075268816,0.0376307115927252,0.2804032258064516
100,Junior,Kroupi,4,4.6,30,251,4,0,1,1,0,4,142.4,30.1,136.0,5.2,4,Bournemouth,6.521739130434783,West Ham,1,0.11952191235059761,308.5,False,False,False,True,0.07207207207207204,0.2871287128712871,0.2527805864509606,0.2857142857142857,0.0,0.17391304347826086,0.6451612903225806,0.1146573925293302,0.24879032258064515
187,Kyle,Walker,2,4.4,29,990,0,1,2,3,0,3,189.2,52.4,14.0,4.5,3,Burnley,6.59090909090909,Chelsea,1,0.029292929292929294,255.6,False,True,False,False,0.05405405405405409,0.27722772277227725,1.0,0.0,0.2,0.13043478260869565,0.5698924731182795,0.02392990680283498,0.2061290322580645
238,Estêvão,Almeida de Oliveira Gonçalves,3,6.5,29,337,1,3,2,2,0,2,103.0,112.4,166.0,2.2,7,Chelsea,4.461538461538462,Burnley,0,0.08605341246290801,381.4,False,False,True,False,0.24324324324324323,0.27722772277227725,0.339737108190091,0.07142857142857142,0.6,0.08695652173913043,0.3225806451612903,0.0810039838024821,0.3075806451612903
124,Jordan,Henderson,3,5.0,29,829,0,2,3,3,0,2,130.6,161.3,15.0,1.8,5,Brentford,5.8,Brighton,0,0.03498190591073583,306.9,False,False,True,False,0.10810810810810811,0.27722772277227725,0.8372093023255814,0.0,0.4,0.08695652173913043,0.27956989247311825,0.029650314230684642,0.24749999999999997
698,Noah,Okafor,3,5.5,29,515,2,1,1,2,0,3,116.8,74.9,121.0,2.0,11,Leeds,5.2727272727272725,Aston Villa,1,0.05631067961165048,312.7,False,False,True,False,0.15315315315315314,0.27722772277227725,0.5197168857431749,0.14285714285714285,0.2,0.13043478260869565,0.30107526881720426,0.05109692646033363,0.2521774193548387
166,Yasin,Ayari,3,4.9,29,871,1,0,2,0,0,2,130.4,134.3,107.0,2.2,6,Brighton,5.918367346938775,Brentford,1,0.03329506314580941,371.70000000000005,False,False,True,False,0.09909909909909913,0.27722772277227725,0.8796764408493428,0.07142857142857142,0.0,0.08695652173913043,0.3225806451612903,0.02795415189247134,0.2997580645161291
146,Lewis,Dunk,2,4.5,29,990,0,1,2,3,0,0,168.6,23.9,49.0,3.5,6,Brighton,6.444444444444445,Brentford,1,0.029292929292929294,241.5,False,True,False,False,0.06306306306306307,0.27722772277227725,1.0,0.0,0.2,0.0,0.4623655913978494,0.02392990680283498,0.19475806451612904
191,Maxime,Estève,2,4.0,28,982,0,0,2,0,0,0,217.2,39.0,38.0,3.2,3,Burnley,7.0,Chelsea,1,0.028513238289205704,294.2,False,True,False,False,0.018018018018018032,0.26732673267326734,0.9919110212335692,0.0,0.0,0.0,0.4301075268817204,0.023145908114007945,0.23725806451612902
169,Diego,Gómez Amarilla,3,4.9,28,538,2,0,2,2,0,3,168.0,119.0,176.0,5.2,6,Brighton,5.7142857142857135,Brentford,1,0.05204460966542751,463.0,False,False,True,False,0.09909909909909913,0.26732673267326734,0.5429726996966633,0.14285714285714285,0.0,0.13043478260869565,0.6451612903225806,0.04680728706689396,0.37338709677419357
708,Mateus Gonçalo,Espanha Fernandes,3,5.5,28,642,1,1,1,1,0,2,149.4,167.9,39.0,3.8,19,West Ham,5.090909090909091,Bournemouth,0,0.04361370716510903,356.3,False,False,True,False,0.15315315315315314,0.26732673267326734,0.6481294236602629,0.07142857142857142,0.2,0.08695652173913043,0.49462365591397844,0.03832980499475051,0.28733870967741937
423,Nico,González Iglesias,3,5.9,28,644,1,0,4,3,0,1,160.2,96.8,38.0,4.2,13,Man City,4.745762711864407,Newcastle,0,0.043478260869565216,295.0,False,False,True,False,0.1891891891891892,0.26732673267326734,0.6501516683518705,0.07142857142857142,0.0,0.043478260869565216,0.5376344086021505,0.03819361037713187,0.23790322580645162
443,Luke,Shaw,2,4.5,28,933,0,1,2,0,0,0,155.0,45.1,5.0,3.2,14,Man Utd,6.222222222222222,Everton,1,0.030010718113612004,205.1,False,True,False,False,0.06306306306306307,0.26732673267326734,0.942366026289181,0.0,0.2,0.0,0.4301075268817204,0.02465166130760986,0.16540322580645161
318,Calvin,Bassey,2,4.5,28,908,0,0,2,3,0,3,166.8,28.5,13.0,2.5,10,Fulham,6.222222222222222,Sunderland,1,0.030837004405286344,208.3,False,True,False,False,0.06306306306306307,0.26732673267326734,0.917087967644085,0.0,0.0,0.13043478260869565,0.3548387096774193,0.025482512716917757,0.16798387096774195
293,Jake,O'Brien,2,4.9,28,868,0,0,2,0,0,1,141.0,74.3,48.0,1.2,9,Everton,5.7142857142857135,Man Utd,0,0.03225806451612903,263.3,False,True,False,False,0.09909909909909913,0.26732673267326734,0.8766430738119313,0.0,0.0,0.043478260869565216,0.2150537634408602,0.026911423988593832,0.21233870967741936
342,Jayden,Bogle,2,4.5,28,958,0,1,2,2,0,0,137.4,68.0,77.0,1.2,11,Leeds,6.222222222222222,Aston Villa,1,0.029227557411273485,282.4,False,True,False,False,0.06306306306306307,0.26732673267326734,0.967644084934277,0.0,0.2,0.0,0.2150537634408602,0.02386417375056229,0.22774193548387095
580,Brennan,Johnson,3,6.7,28,467,2,0,3,2,0,2,117.8,68.9,64.0,1.5,18,Spurs,4.17910447761194,Arsenal,0,0.059957173447537475,250.7,False,False,True,False,0.26126126126126126,0.26732673267326734,0.4711830131445905,0.14285714285714285,0.0,0.08695652173913043,0.24731182795698922,0.05476356667100453,0.2021774193548387
217,Lyle,Foster,4,5.0,28,578,2,1,2,2,0,4,117.2,76.5,84.0,1.8,3,Burnley,5.6,Chelsea,1,0.04844290657439446,277.7,False,False,False,True,0.10810810810810811,0.26732673267326734,0.583417593528817,0.14285714285714285,0.2,0.17391304347826086,0.27956989247311825,0.04318568506375576,0.2239516129032258
722,Florentino Ibrain,Morris Luís,3,5.0,28,657,0,1,1,1,0,0,159.6,74.8,31.0,4.0,3,Burnley,5.6,Chelsea,1,0.0426179604261796,265.4,False,False,True,False,0.10810810810810811,0.26732673267326734,0.6632962588473206,0.0,0.2,0.0,0.5161290322580645,0.03732855689262258,0.21403225806451612
64,Ollie,Watkins,4,8.5,27,866,1,0,5,0,0,2,70.4,93.6,218.0,1.8,2,Aston Villa,3.176470588235294,Leeds,0,0.03117782909930716,382.0,False,False,False,True,0.4234234234234234,0.25742574257425743,0.8746208291203236,0.07142857142857142,0.0,0.08695652173913043,0.27956989247311825,0.025825220420297806,0.30806451612903224
233,Josh,Acheampong,2,3.9,27,348,1,0,2,0,0,5,88.4,8.5,60.0,4.0,7,Chelsea,6.923076923076923,Burnley,0,0.07758620689655173,156.9,False,True,False,False,0.009009009009009016,0.25742574257425743,0.35085945399393326,0.07142857142857142,0.0,0.21739130434782608,0.5161290322580645,0.07248999809487522,0.12653225806451612
330,Sander,Berge,3,4.9,27,958,0,1,2,2,0,0,119.4,111.9,29.0,2.8,10,Fulham,5.5102040816326525,Sunderland,1,0.028183716075156576,260.3,False,False,True,False,0.09909909909909913,0.25742574257425743,0.967644084934277,0.0,0.2,0.0,0.3870967741935483,0.022814565335240313,0.2099193548387097
347,Gabriel,Gudmundsson,2,4.0,27,911,0,0,2,1,0,6,179.4,176.7,55.0,1.0,11,Leeds,6.75,Aston Villa,1,0.029637760702524697,411.1,False,True,False,False,0.018018018018018032,0.25742574257425743,0.9201213346814965,0.0,0.0,0.2608695652173913,0.1935483870967742,0.02427664335833975,0.33153225806451614
332,Saša,Lukić,3,5.0,27,677,1,2,1,5,0,2,125.2,219.7,71.0,2.2,10,Fulham,5.4,Sunderland,1,0.03988183161004431,415.9,False,False,True,False,0.10810810810810811,0.25742574257425743,0.6835187057633973,0.07142857142857142,0.4,0.08695652173913043,0.3225806451612903,0.03457731134269649,0.3354032258064516
613,Tomáš,Souček,3,5.7,26,422,2,1,1,0,1,3,134.8,18.7,176.0,5.5,19,West Ham,4.56140350877193,Bournemouth,0,0.061611374407582936,329.5,False,False,True,False,0.17117117117117117,0.24752475247524752,0.4256825075834176,0.14285714285714285,0.2,0.13043478260869565,0.6774193548387096,0.056426906862873445,0.2657258064516129
322,Kenny,Tete,2,4.5,26,720,0,0,2,1,0,0,149.6,69.9,43.0,2.8,10,Fulham,5.777777777777778,Sunderland,1,0.03611111111111111,262.5,False,True,False,False,0.06306306306306307,0.24752475247524752,0.7269969666329625,0.0,0.0,0.0,0.3870967741935483,0.030785758133824427,0.21169354838709678
450,Matheus,Santos Carneiro da Cunha,3,7.9,26,683,1,0,1,0,0,1,132.2,148.0,177.0,4.2,14,Man Utd,3.291139240506329,Everton,1,0.03806734992679356,457.2,False,False,True,False,0.36936936936936937,0.24752475247524752,0.6895854398382204,0.07142857142857142,0.0,0.043478260869565216,0.5376344086021505,0.032752804898764795,0.36870967741935484
273,Adam,Wharton,3,5.0,26,696,0,1,3,1,0,2,93.8,224.8,15.0,1.8,8,Crystal Palace,5.2,Wolves,0,0.03735632183908046,333.6,False,False,True,False,0.10810810810810811,0.24752475247524752,0.7027300303336703,0.0,0.2,0.08695652173913043,0.27956989247311825,0.03203784847907538,0.26903225806451614
552,Noah,Sadiki,3,5.0,26,983,0,0,4,4,0,0,114.8,129.2,23.0,3.0,17,Sunderland,5.2,Fulham,0,0.026449643947100712,267.0,False,False,True,False,0.10810810810810811,0.24752475247524752,0.9929221435793731,0.0,0.0,0.0,0.4086021505376344,0.021070912698189663,0.2153225806451613
684,Malick,Thiaw,2,4.9,26,632,0,0,2,1,0,2,147.4,21.0,62.0,1.8,15,Newcastle,5.306122448979592,Man City,1,0.04113924050632911,230.4,False,True,False,False,0.09909909909909913,0.24752475247524752,0.6380182002022244,0.0,0.0,0.08695652173913043,0.27956989247311825,0.035841667249458,0.18580645161290324
139,Bart,Verbruggen,1,4.4,26,990,0,0,2,0,0,0,218.8,10.0,0.0,3.8,6,Brighton,5.909090909090908,Brentford,1,0.026262626262626262,228.8,True,False,False,False,0.05405405405405409,0.24752475247524752,1.0,0.0,0.0,0.0,0.49462365591397844,0.020882861766839664,0.18451612903225809
643,André,Trindade da Costa Neto,3,5.3,25,703,0,0,0,3,0,1,95.6,41.8,7.0,2.0,20,Wolves,4.716981132075472,Crystal Palace,1,0.03556187766714083,144.39999999999998,False,False,True,False,0.13513513513513511,0.2376237623762376,0.7098078867542973,0.0,0.0,0.043478260869565216,0.30107526881720426,0.030233490250937183,0.11645161290322578
215,Zian,Flemming,4,5.3,25,343,3,0,1,2,0,3,129.8,31.2,105.0,5.2,3,Burnley,4.716981132075472,Chelsea,1,0.0728862973760933,266.0,False,False,False,True,0.13513513513513511,0.2376237623762376,0.34580384226491406,0.21428571428571427,0.0,0.13043478260869565,0.6451612903225806,0.06776412222347504,0.21451612903225806
474,Fabian,Schär,2,5.4,25,424,0,0,3,0,0,0,112.0,27.0,17.0,0.5,15,Newcastle,4.62962962962963,Man City,1,0.0589622641509434,156.0,False,True,False,False,0.14414414414414417,0.2376237623762376,0.4277047522750253,0.0,0.0,0.0,0.13978494623655913,0.05376316063796518,0.12580645161290321
97,Francisco Evanilson,de Lima Barbosa,4,7.0,25,721,1,1,3,1,0,2,59.0,120.4,190.0,0.8,4,Bournemouth,3.571428571428572,West Ham,1,0.03467406380027739,369.4,False,False,False,True,0.2882882882882883,0.2376237623762376,0.7280080889787665,0.07142857142857142,0.2,0.08695652173913043,0.17204301075268816,0.02934077133508555,0.2979032258064516
525,Chris,Wood,4,7.2,25,538,2,0,1,0,0,3,77.6,49.6,179.0,0.2,16,Nott'm Forest,3.4722222222222223,Liverpool,0,0.046468401486988845,306.2,False,False,False,True,0.3063063063063063,0.2376237623762376,0.5429726996966633,0.14285714285714285,0.0,0.13043478260869565,0.1075268817204301,0.04120027110846392,0.24693548387096773
337,Raúl,Jiménez Rodríguez,4,6.2,25,449,1,2,1,0,0,1,77.6,49.4,157.0,3.2,10,Fulham,4.032258064516129,Sunderland,1,0.0556792873051225,284.0,False,False,False,True,0.21621621621621623,0.2376237623762376,0.4529828109201213,0.07142857142857142,0.4,0.043478260869565216,0.4301075268817204,0.05046204579852096,0.22903225806451613
691,Dominic,Calvert-Lewin,4,5.5,25,614,1,1,2,0,0,2,62.8,111.6,197.0,1.8,11,Leeds,4.545454545454546,Aston Villa,1,0.04071661237785016,371.4,False,False,False,True,0.15315315315315314,0.2376237623762376,0.6198179979777553,0.07142857142857142,0.2,0.08695652173913043,0.27956989247311825,0.035416704158943255,0.29951612903225805
343,Pascal,Struijk,2,4.4,25,728,0,0,2,1,0,2,156.0,31.2,59.0,0.2,11,Leeds,5.681818181818182,Aston Villa,1,0.034340659340659344,246.2,False,True,False,False,0.05405405405405409,0.2376237623762376,0.7350859453993933,0.0,0.0,0.08695652173913043,0.1075268817204301,0.029005524861878455,0.1985483870967742
386,Alexis,Mac Allister,3,6.3,25,637,0,2,2,1,0,0,100.6,137.8,46.0,2.5,12,Liverpool,3.968253968253968,Nott'm Forest,1,0.03924646781789639,284.4,False,False,True,False,0.2252252252252252,0.2376237623762376,0.6430738119312437,0.0,0.4,0.0,0.3548387096774193,0.03393843725335438,0.2293548387096774
416,Bernardo,Mota Veiga de Carvalho e Silva,3,6.3,25,640,0,2,3,2,0,0,106.8,178.6,24.0,2.5,13,Man City,3.968253968253968,Newcastle,0,0.0390625,309.4,False,False,True,False,0.2252252252252252,0.2376237623762376,0.6461071789686552,0.0,0.4,0.0,0.3548387096774193,0.03375345303867403,0.24951612903225803
636,Santiago,Ignacio Bueno,2,4.4,25,664,1,1,0,2,0,2,190.6,48.2,68.0,2.0,20,Wolves,5.681818181818182,Crystal Palace,1,0.03765060240963856,306.8,False,True,False,False,0.05405405405405409,0.2376237623762376,0.6703741152679474,0.07142857142857142,0.2,0.08695652173913043,0.30107526881720426,0.03233375490913932,0.2474193548387097
41,Pau,Torres,2,4.3,25,597,0,0,2,0,0,2,126.8,11.5,15.0,4.2,2,Aston Villa,5.813953488372094,Leeds,0,0.04187604690117253,153.3,False,True,False,False,0.045045045045045036,0.2376237623762376,0.60262891809909,0.0,0.0,0.08695652173913043,0.5376344086021505,0.03658254439786409,0.12362903225806453
586,Lucas,Bergvall,3,5.4,24,409,1,1,2,1,0,0,92.2,41.6,93.0,0.8,18,Spurs,4.444444444444444,Arsenal,0,0.05867970660146699,226.8,False,False,True,False,0.14414414414414417,0.22772277227722773,0.41253791708796766,0.07142857142857142,0.2,0.0,0.17204301075268816,0.05347904199705521,0.18290322580645163
40,Tyrone,Mings,2,4.4,24,497,0,0,2,0,0,1,120.2,44.6,25.0,0.2,2,Aston Villa,5.454545454545454,Leeds,0,0.0482897384305835,189.8,False,True,False,False,0.05405405405405409,0.22772277227722773,0.5015166835187057,0.0,0.0,0.043478260869565216,0.1075268817204301,0.043031670687106054,0.15306451612903227
59,Amadou,Onana,3,4.8,24,485,1,0,3,2,0,1,146.0,35.2,25.0,4.2,2,Aston Villa,5.0,Leeds,0,0.049484536082474224,206.2,False,False,True,False,0.09009009009009007,0.22772277227722773,0.48938321536905965,0.07142857142857142,0.0,0.043478260869565216,0.5376344086021505,0.044233069430996176,0.16629032258064516
453,Alejandro,Garnacho Ferreyra,3,6.4,24,342,1,2,2,0,0,2,95.4,90.4,147.0,5.2,7,Chelsea,3.75,Burnley,0,0.07017543859649122,332.8,False,False,True,False,0.23423423423423426,0.22772277227722773,0.3447927199191102,0.07142857142857142,0.4,0.08695652173913043,0.6451612903225806,0.06503828632354366,0.26838709677419353
487,Harvey,Barnes,3,6.3,24,464,1,0,2,0,0,2,69.2,114.4,123.0,3.0,15,Newcastle,3.8095238095238098,Man City,1,0.05172413793103448,306.6,False,False,True,False,0.2252252252252252,0.22772277227722773,0.46814964610717896,0.07142857142857142,0.0,0.08695652173913043,0.4086021505376344,0.04648504477043246,0.24725806451612906
646,João Victor,Gomes da Silva,3,5.3,24,835,0,0,1,3,0,0,121.0,111.9,35.0,1.5,20,Wolves,4.528301886792453,Crystal Palace,1,0.02874251497005988,267.9,False,False,True,False,0.13513513513513511,0.22772277227722773,0.8432760364004045,0.0,0.0,0.0,0.24731182795698922,0.02337645151685579,0.21604838709677418
354,Ethan,Ampadu,3,4.9,24,787,0,0,1,3,0,0,124.2,74.6,21.0,2.2,11,Leeds,4.897959183673469,Aston Villa,1,0.030495552731893267,219.8,False,False,True,False,0.09909909909909913,0.22772277227722773,0.7947421638018201,0.0,0.0,0.0,0.3225806451612903,0.02513917457019102,0.17725806451612905
22,Mikel,Merino Zazón,3,5.9,23,413,1,1,2,0,0,0,98.4,74.5,84.0,2.0,1,Arsenal,3.8983050847457625,Spurs,1,0.05569007263922518,256.9,False,False,True,False,0.1891891891891892,0.21782178217821782,0.416582406471183,0.07142857142857142,0.2,0.0,0.30107526881720426,0.05047289072010488,0.2071774193548387
584,Mathys,Tel,3,6.3,23,246,2,0,1,0,0,2,75.2,10.1,59.0,2.0,18,Spurs,3.65079365079365,Arsenal,0,0.09349593495934959,144.3,False,False,True,False,0.2252252252252252,0.21782178217821782,0.24772497472194135,0.14285714285714285,0.0,0.08695652173913043,0.30107526881720426,0.0884876252077438,0.11637096774193549
502,Matz,Sels,1,4.8,23,990,0,0,0,1,0,0,269.6,0.0,0.0,2.0,16,Nott'm Forest,4.791666666666667,Liverpool,0,0.023232323232323233,269.6,True,False,False,False,0.09009009009009007,0.21782178217821782,1.0,0.0,0.0,0.0,0.30107526881720426,0.017835816730844355,0.2174193548387097
365,Lukas,Nmecha,4,5.0,23,272,2,0,1,0,0,2,85.2,13.7,103.0,2.8,11,Leeds,4.6,Aston Villa,1,0.08455882352941177,201.9,False,False,False,True,0.10810810810810811,0.21782178217821782,0.27401415571284127,0.14285714285714285,0.0,0.08695652173913043,0.3870967741935483,0.07950113747156322,0.1628225806451613
58,Boubacar,Kamara,3,4.9,23,644,0,2,3,3,0,1,147.8,110.1,31.0,2.0,2,Aston Villa,4.693877551020408,Leeds,0,0.03571428571428571,288.9,False,False,True,False,0.09909909909909913,0.21782178217821782,0.6501516683518705,0.0,0.4,0.043478260869565216,0.30107526881720426,0.030386740331491708,0.23298387096774192
444,Leny,Yoro,2,4.4,23,638,0,1,1,0,0,1,107.4,24.6,24.0,0.8,14,Man Utd,5.227272727272727,Everton,1,0.03605015673981191,156.0,False,True,False,False,0.05405405405405409,0.21782178217821782,0.6440849342770475,0.0,0.2,0.043478260869565216,0.17204301075268816,0.030724466998042915,0.12580645161290321
615,Crysencio,Summerville,3,5.5,23,639,0,3,0,3,0,0,77.8,84.5,100.0,2.2,19,West Ham,4.181818181818182,Bournemouth,0,0.03599374021909233,262.3,False,False,True,False,0.15315315315315314,0.21782178217821782,0.6450960566228514,0.0,0.6,0.0,0.3225806451612903,0.030667738783838695,0.21153225806451614
671,Callum,Wilson,4,5.8,22,365,2,0,1,0,0,3,89.6,27.8,165.0,2.8,19,West Ham,3.793103448275862,Bournemouth,0,0.06027397260273973,282.4,False,False,False,True,0.18018018018018014,0.2079207920792079,0.36804853387259856,0.14285714285714285,0.0,0.13043478260869565,0.3870967741935483,0.055082116097782484,0.22774193548387095
455,Mason,Mount,3,5.9,22,349,1,0,3,0,0,2,64.0,89.6,67.0,1.0,14,Man Utd,3.7288135593220337,Everton,1,0.06303724928366762,220.6,False,False,True,False,0.1891891891891892,0.2079207920792079,0.3518705763397371,0.07142857142857142,0.0,0.08695652173913043,0.1935483870967742,0.05786065950070446,0.1779032258064516
440,Diogo,Dalot Teixeira,2,4.4,22,592,0,2,1,0,0,0,101.4,128.7,27.0,1.5,14,Man Utd,5.0,Everton,1,0.037162162162162164,257.1,False,True,False,False,0.05405405405405409,0.2079207920792079,0.5975733063700708,0.0,0.4,0.0,0.24731182795698922,0.03184261609675974,0.20733870967741938
516,Callum,Hudson-Odoi,3,5.8,22,567,1,0,0,0,0,3,105.0,212.9,105.0,1.0,16,Nott'm Forest,3.793103448275862,Liverpool,0,0.03880070546737213,422.9,False,False,True,False,0.18018018018018014,0.2079207920792079,0.5722952477249748,0.07142857142857142,0.0,0.13043478260869565,0.1935483870967742,0.03349021212741286,0.34104838709677415
210,Loum,Tchaouna,3,4.9,22,435,1,1,1,1,0,0,58.6,35.0,44.0,2.2,3,Burnley,4.489795918367347,Chelsea,1,0.05057471264367816,137.6,False,False,True,False,0.09909909909909913,0.2079207920792079,0.43882709807886755,0.07142857142857142,0.2,0.0,0.3225806451612903,0.045329269067123895,0.11096774193548387
148,Ferdi,Kadıoğlu,2,4.4,22,734,0,0,2,3,0,0,116.4,76.7,45.0,3.2,6,Brighton,5.0,Brentford,1,0.02997275204359673,238.10000000000002,False,True,False,False,0.05405405405405409,0.2079207920792079,0.7411526794742164,0.0,0.0,0.0,0.4301075268817204,0.02461348548030168,0.1920161290322581
272,Jefferson,Lerma Solís,3,4.9,21,360,0,2,3,2,0,1,62.0,56.9,60.0,3.2,8,Crystal Palace,4.285714285714286,Wolves,0,0.058333333333333334,178.9,False,False,True,False,0.09909909909909913,0.19801980198019803,0.36299292214357937,0.0,0.4,0.043478260869565216,0.4301075268817204,0.05313075506445672,0.1442741935483871
311,Norberto Bercique,Gomes Betuncal,4,5.2,21,606,1,0,1,1,0,1,78.6,47.9,217.0,1.5,9,Everton,4.038461538461538,Man Utd,0,0.034653465346534656,343.5,False,False,False,True,0.12612612612612614,0.19801980198019803,0.6117290192113246,0.07142857142857142,0.0,0.043478260869565216,0.24731182795698922,0.02932005907773098,0.2770161290322581
659,Kyle,Walker-Peters,2,4.3,21,465,1,0,1,1,0,0,103.8,49.3,67.0,2.5,19,West Ham,4.883720930232558,Bournemouth,0,0.04516129032258064,220.1,False,True,False,False,0.045045045045045036,0.19801980198019803,0.4691607684529828,0.07142857142857142,0.0,0.0,0.3548387096774193,0.039885938335412575,0.1775
371,Milos,Kerkez,2,5.7,21,694,1,0,1,3,0,0,142.6,89.5,63.0,2.0,12,Liverpool,3.684210526315789,Nott'm Forest,1,0.03025936599423631,295.1,False,True,False,False,0.17117117117117117,0.19801980198019803,0.7007077856420627,0.07142857142857142,0.0,0.0,0.30107526881720426,0.024901682933430987,0.23798387096774196
633,Hugo,Bueno López,2,4.4,21,792,0,0,1,1,0,2,187.4,256.6,67.0,1.0,20,Wolves,4.7727272727272725,Crystal Palace,1,0.026515151515151516,511.0,False,True,False,False,0.05405405405405409,0.19801980198019803,0.7997977755308392,0.0,0.0,0.08695652173913043,0.1935483870967742,0.021136782186505942,0.4120967741935484
490,Joelinton Cássio,Apolinário de Lira,3,5.9,21,649,0,0,3,2,0,0,71.0,84.5,107.0,2.0,15,Newcastle,3.559322033898305,Man City,1,0.032357473035439135,262.5,False,False,True,False,0.1891891891891892,0.19801980198019803,0.6552072800808898,0.0,0.0,0.0,0.30107526881720426,0.027011381726242664,0.21169354838709678
207,Hannibal,Mejbri,3,4.8,21,287,0,2,1,1,0,0,42.8,59.8,20.0,2.2,3,Burnley,4.375,Chelsea,1,0.07317073170731707,122.6,False,False,True,False,0.09009009009009007,0.19801980198019803,0.2891809908998989,0.0,0.4,0.0,0.3225806451612903,0.0680501280150923,0.09887096774193548
86,David,Brooks,3,5.0,21,549,0,1,3,3,0,1,76.8,134.4,129.0,0.8,4,Bournemouth,4.2,West Ham,1,0.03825136612021858,340.2,False,False,True,False,0.10810810810810811,0.19801980198019803,0.5540950455005056,0.0,0.2,0.043478260869565216,0.17204301075268816,0.032937837756241886,0.2743548387096774
126,Mathias,Jensen,3,4.9,21,214,2,0,0,0,0,0,103.6,56.4,40.0,2.2,5,Brentford,4.285714285714286,Brighton,0,0.09813084112149532,200.0,False,False,True,False,0.09909909909909913,0.19801980198019803,0.21536905965621841,0.14285714285714285,0.0,0.0,0.3225806451612903,0.09314813858625497,0.16129032258064516
107,Keane,Lewis-Potter,2,4.9,21,446,0,1,2,1,0,0,61.8,75.8,24.0,1.2,5,Brentford,4.285714285714286,Brighton,0,0.04708520179372197,161.6,False,True,False,False,0.09909909909909913,0.19801980198019803,0.4499494438827098,0.0,0.2,0.0,0.2150537634408602,0.041820479151698335,0.13032258064516128
654,Jørgen,Strand Larsen,4,6.3,21,707,1,0,2,0,0,0,60.4,61.6,163.0,3.0,20,Wolves,3.333333333333333,Crystal Palace,1,0.0297029702970297,285.0,False,False,False,True,0.2252252252252252,0.19801980198019803,0.7138523761375126,0.07142857142857142,0.0,0.0,0.4086021505376344,0.024342213226847542,0.22983870967741934
508,Neco,Williams,2,4.7,20,990,1,0,0,4,0,2,223.0,153.0,109.0,1.2,16,Nott'm Forest,4.25531914893617,Liverpool,0,0.020202020202020204,485.0,False,True,False,False,0.0810810810810811,0.18811881188118812,1.0,0.07142857142857142,0.0,0.08695652173913043,0.2150537634408602,0.014788771694849044,0.3911290322580645
605,Maximilian,Kilman,2,4.3,20,990,0,0,1,3,0,0,245.8,42.5,45.0,1.8,19,West Ham,4.651162790697675,Bournemouth,0,0.020202020202020204,333.3,False,True,False,False,0.045045045045045036,0.18811881188118812,1.0,0.0,0.0,0.0,0.27956989247311825,0.014788771694849044,0.26879032258064517
190,Hjalmar,Ekdal,2,4.0,20,533,0,0,1,0,0,1,130.2,26.4,61.0,0.2,3,Burnley,5.0,Chelsea,1,0.0375234521575985,217.6,False,True,False,False,0.018018018018018032,0.18811881188118812,0.537917087967644,0.0,0.0,0.043478260869565216,0.1075268817204301,0.032205902169518935,0.17548387096774193
385,Federico,Chiesa,3,6.4,20,117,2,1,0,1,0,0,98.0,16.7,62.0,1.5,12,Liverpool,3.125,Nott'm Forest,1,0.17094017094017094,176.7,False,False,True,False,0.23423423423423426,0.18811881188118812,0.1172901921132457,0.14285714285714285,0.2,0.0,0.24731182795698922,0.1663597298956415,0.1425
417,Rayan,Cherki,3,6.3,20,213,1,2,0,0,0,2,100.2,99.8,55.0,3.2,13,Man City,3.174603174603175,Newcastle,0,0.09389671361502347,255.0,False,False,True,False,0.2252252252252252,0.18811881188118812,0.21435793731041455,0.07142857142857142,0.4,0.08695652173913043,0.4301075268817204,0.0888906181101341,0.2056451612903226
157,Mitoma,Kaoru,3,6.2,20,508,1,1,1,1,0,0,88.4,95.8,88.0,0.0,6,Brighton,3.225806451612903,Brentford,1,0.03937007874015748,272.2,False,False,True,False,0.21621621621621623,0.18811881188118812,0.512639029322548,0.07142857142857142,0.2,0.0,0.08602150537634408,0.03406273110888763,0.21951612903225806
717,Xavi,Simons,3,6.7,20,530,0,1,2,2,0,0,75.2,111.0,39.0,2.5,18,Spurs,2.985074626865672,Arsenal,0,0.03773584905660377,225.2,False,False,True,False,0.26126126126126126,0.18811881188118812,0.5348837209302325,0.0,0.2,0.0,0.3548387096774193,0.03241947253205462,0.18161290322580645
366,Alisson,Becker,1,5.4,20,540,0,0,2,0,0,2,106.8,0.1,0.0,0.0,12,Liverpool,3.7037037037037033,Nott'm Forest,1,0.037037037037037035,106.89999999999999,True,False,False,False,0.14414414414414417,0.18811881188118812,0.544994944388271,0.0,0.0,0.08695652173913043,0.08602150537634408,0.03171679967260077,0.08620967741935483
663,Jhon,Arias,3,5.1,19,545,0,0,1,0,0,1,83.4,153.9,80.0,1.2,20,Wolves,3.725490196078432,Crystal Palace,1,0.03486238532110092,317.3,False,False,True,False,0.11711711711711709,0.1782178217821782,0.5500505561172901,0.0,0.0,0.043478260869565216,0.2150537634408602,0.02953013330630037,0.2558870967741936
162,Brajan,Gruda,3,5.4,19,218,1,1,0,0,0,2,74.0,56.3,94.0,0.0,6,Brighton,3.518518518518518,Brentford,1,0.0871559633027523,224.3,False,False,True,False,0.14414414414414417,0.1782178217821782,0.21941354903943378,0.07142857142857142,0.2,0.08695652173913043,0.08602150537634408,0.08211262608343049,0.18088709677419357
588,Wilson,Odobert,3,5.3,19,376,0,1,0,0,0,3,62.8,97.2,88.0,2.5,18,Spurs,3.5849056603773586,Arsenal,0,0.05053191489361702,248.0,False,False,True,False,0.13513513513513511,0.1782178217821782,0.37917087967644086,0.0,0.2,0.13043478260869565,0.3548387096774193,0.04528623486540496,0.2
382,Florian,Wirtz,3,8.0,19,686,0,0,2,1,0,0,75.8,230.0,137.0,1.5,12,Liverpool,2.375,Nott'm Forest,1,0.027696793002915453,442.8,False,False,True,False,0.37837837837837834,0.1782178217821782,0.6926188068756319,0.0,0.0,0.0,0.24731182795698922,0.022324952080279625,0.3570967741935484
367,Giorgi,Mamardashvili,1,4.3,19,450,0,0,1,0,0,0,140.0,0.0,0.0,4.2,12,Liverpool,4.418604651162791,Nott'm Forest,1,0.042222222222222223,140.0,True,False,False,False,0.045045045045045036,0.1782178217821782,0.4539939332659252,0.0,0.0,0.0,0.5376344086021505,0.036930632289748314,0.11290322580645161
335,Josh,King,3,4.5,19,659,0,0,2,2,0,0,71.8,79.1,134.0,1.8,10,Fulham,4.222222222222222,Sunderland,1,0.028831562974203338,284.9,False,False,True,False,0.06306306306306307,0.1782178217821782,0.6653185035389282,0.0,0.0,0.0,0.27956989247311825,0.02346599149892269,0.229758064516129
108,Kristoffer,Ajer,2,4.4,19,388,0,2,1,0,0,0,82.8,14.8,91.0,2.8,5,Brentford,4.3181818181818175,Brighton,0,0.04896907216494845,188.6,False,True,False,False,0.05405405405405409,0.1782178217821782,0.391304347826087,0.0,0.4,0.0,0.3870967741935483,0.04371475764652275,0.1520967741935484
505,Nikola,Milenković,2,5.2,19,990,0,0,0,1,0,0,182.6,26.4,54.0,1.8,16,Nott'm Forest,3.6538461538461537,Liverpool,0,0.01919191919191919,263.0,False,True,False,False,0.12612612612612614,0.1782178217821782,1.0,0.0,0.0,0.0,0.27956989247311825,0.013773090016183936,0.2120967741935484
424,Oscar,Bobb,3,5.3,18,451,0,1,2,0,0,0,67.6,141.1,72.0,0.8,13,Man City,3.39622641509434,Newcastle,0,0.03991130820399113,280.7,False,False,True,False,0.13513513513513511,0.16831683168316833,0.455005055611729,0.0,0.2,0.0,0.17204301075268816,0.03460695079075351,0.22637096774193546
304,Tim,Iroegbunam,3,4.9,18,337,0,2,4,4,0,0,67.0,20.6,13.0,1.8,9,Everton,3.6734693877551017,Man Utd,0,0.05341246290801187,100.6,False,False,True,False,0.09909909909909913,0.16831683168316833,0.339737108190091,0.0,0.4,0.0,0.27956989247311825,0.04818269750971359,0.08112903225806452
500,William,Osula,4,5.5,18,213,1,1,1,0,0,0,41.2,14.2,68.0,1.5,15,Newcastle,3.272727272727273,Man City,1,0.08450704225352113,123.4,False,False,False,True,0.15315315315315314,0.16831683168316833,0.21435793731041455,0.07142857142857142,0.2,0.0,0.24731182795698922,0.07944907011127539,0.09951612903225807
541,Reinildo,Mandava,2,4.0,18,662,0,0,2,2,1,0,108.4,26.0,19.0,1.0,17,Sunderland,4.5,Fulham,0,0.027190332326283987,153.4,False,True,False,False,0.018018018018018032,0.16831683168316833,0.6683518705763397,0.0,0.0,0.0,0.1935483870967742,0.021815693278362903,0.12370967741935485
521,Ibrahim,Sangaré,3,4.9,18,500,1,0,0,2,0,0,98.4,47.2,55.0,1.8,16,Nott'm Forest,3.6734693877551017,Liverpool,0,0.036,200.60000000000002,False,False,True,False,0.09909909909909913,0.16831683168316833,0.5045500505561172,0.07142857142857142,0.0,0.0,0.27956989247311825,0.030674033149171265,0.16177419354838712
81,Justin,Kluivert,3,7.0,18,392,1,0,1,2,0,1,71.4,112.9,49.0,1.5,4,Bournemouth,2.571428571428572,West Ham,1,0.04591836734693878,233.3,False,False,True,False,0.2882882882882883,0.16831683168316833,0.3953488372093023,0.07142857142857142,0.0,0.043478260869565216,0.24731182795698922,0.040647198105761645,0.18814516129032258
77,James,Hill,2,4.0,17,273,0,0,2,1,0,0,44.0,5.3,41.0,0.2,4,Bournemouth,4.25,West Ham,1,0.06227106227106227,90.3,False,True,False,False,0.018018018018018032,0.15841584158415842,0.2750252780586451,0.0,0.0,0.0,0.1075268817204301,0.0570902394106814,0.07282258064516128
709,Ladislav,Krejcí,2,4.5,17,720,1,1,0,1,0,0,208.0,75.2,112.0,1.2,20,Wolves,3.7777777777777777,Crystal Palace,1,0.02361111111111111,395.2,False,True,False,False,0.06306306306306307,0.15841584158415842,0.7269969666329625,0.07142857142857142,0.2,0.0,0.2150537634408602,0.018216697360343766,0.31870967741935485
338,Rodrigo,Muniz Carvalho,4,5.4,17,348,1,1,1,1,0,3,61.8,42.0,122.0,0.5,10,Fulham,3.148148148148148,Sunderland,1,0.04885057471264368,225.8,False,False,False,True,0.14414414414414417,0.15841584158415842,0.35085945399393326,0.07142857142857142,0.2,0.13043478260869565,0.13978494623655913,0.043595605512161045,0.1820967741935484
292,Vitalii,Mykolenko,2,4.9,17,715,0,0,1,1,0,0,120.8,62.0,28.0,2.5,9,Everton,3.4693877551020407,Man Utd,0,0.023776223776223775,210.8,False,True,False,False,0.09909909909909913,0.15841584158415842,0.7219413549039434,0.0,0.0,0.0,0.3548387096774193,0.018382722250125563,0.17
606,Konstantinos,Mavropanos,2,4.4,17,495,0,0,1,1,0,0,128.8,2.7,55.0,0.2,19,West Ham,3.8636363636363633,Bournemouth,0,0.03434343434343434,186.5,False,True,False,False,0.05405405405405409,0.15841584158415842,0.4994944388270981,0.0,0.0,0.0,0.1075268817204301,0.029008315196160497,0.1504032258064516
665,Lucas Estella,Perri,1,4.5,17,540,0,0,2,1,0,0,109.6,0.0,0.0,1.2,11,Leeds,3.7777777777777777,Aston Villa,1,0.03148148148148148,109.6,True,False,False,False,0.06306306306306307,0.15841584158415842,0.544994944388271,0.0,0.0,0.0,0.2150537634408602,0.0261305504399427,0.08838709677419354
145,Maxim,De Cuyper,2,4.3,16,411,1,0,0,1,0,1,84.0,84.9,73.0,0.5,6,Brighton,3.72093023255814,Brentford,1,0.038929440389294405,241.9,False,True,False,False,0.045045045045045036,0.1485148514851485,0.41456016177957533,0.07142857142857142,0.0,0.043478260869565216,0.13978494623655913,0.03361965829199769,0.19508064516129034
561,Eliezer,Mayenda Dossou,4,5.4,16,260,1,0,2,0,0,2,48.2,24.6,52.0,0.5,17,Sunderland,2.962962962962963,Fulham,0,0.06153846153846154,124.80000000000001,False,False,False,True,0.14414414414414417,0.1485148514851485,0.26188068756319516,0.07142857142857142,0.0,0.08695652173913043,0.13978494623655913,0.056353591160221,0.1006451612903226
19,Gabriel,Martinelli Silva,3,6.8,16,214,1,0,1,0,0,1,51.0,30.6,93.0,0.5,1,Arsenal,2.3529411764705883,Spurs,1,0.07476635514018691,174.6,False,False,True,False,0.27027027027027023,0.1485148514851485,0.21536905965621841,0.07142857142857142,0.0,0.043478260869565216,0.13978494623655913,0.06965456704703878,0.14080645161290323
87,Ryan,Christie,3,5.0,16,226,1,1,0,1,0,0,69.2,33.0,53.0,2.0,4,Bournemouth,3.2,West Ham,1,0.07079646017699115,155.2,False,False,True,False,0.10810810810810811,0.1485148514851485,0.2275025278058645,0.07142857142857142,0.2,0.0,0.30107526881720426,0.0656627389624994,0.12516129032258064
198,Axel,Tuanzebe,2,3.9,16,450,0,0,1,0,0,0,113.6,4.1,0.0,3.8,3,Burnley,4.102564102564103,Chelsea,1,0.035555555555555556,117.69999999999999,False,True,False,False,0.009009009009009016,0.1485148514851485,0.4539939332659252,0.0,0.0,0.0,0.49462365591397844,0.030227133210558622,0.09491935483870967
202,Jacob,Bruun Larsen,3,5.3,16,411,0,1,1,0,0,0,49.0,59.9,60.0,1.2,3,Burnley,3.018867924528302,Chelsea,1,0.038929440389294405,168.9,False,False,True,False,0.13513513513513511,0.1485148514851485,0.41456016177957533,0.0,0.2,0.0,0.2150537634408602,0.03361965829199769,0.13620967741935483
486,Anthony,Elanga,3,6.7,16,411,0,0,2,0,0,0,44.2,117.2,69.0,1.0,15,Newcastle,2.388059701492537,Man City,1,0.038929440389294405,230.4,False,False,True,False,0.26126126126126126,0.1485148514851485,0.41456016177957533,0.0,0.0,0.0,0.1935483870967742,0.03361965829199769,0.18580645161290324
167,Carlos,Baleba,3,4.7,16,644,0,0,4,4,0,0,27.6,47.6,10.0,2.0,6,Brighton,3.404255319148936,Brentford,1,0.024844720496894408,85.2,False,False,True,False,0.0810810810810811,0.1485148514851485,0.6501516683518705,0.0,0.0,0.0,0.30107526881720426,0.01945712226759548,0.06870967741935484
733,Senne,Lammens,1,5.0,16,450,0,0,1,0,0,2,110.8,0.0,0.0,1.8,14,Man Utd,3.2,Everton,1,0.035555555555555556,110.8,True,False,False,False,0.10810810810810811,0.1485148514851485,0.4539939332659252,0.0,0.0,0.08695652173913043,0.27956989247311825,0.030227133210558622,0.08935483870967742
441,Patrick,Dorgu,2,4.2,16,622,0,1,1,4,0,0,112.0,124.4,84.0,1.5,14,Man Utd,3.809523809523809,Everton,1,0.02572347266881029,320.4,False,True,False,False,0.036036036036036063,0.1485148514851485,0.627906976744186,0.0,0.2,0.0,0.24731182795698922,0.020340729423886587,0.2583870967741935
415,Sávio,Moreira de Oliveira,3,6.9,16,388,0,1,2,1,0,0,57.4,83.5,136.0,2.2,13,Man City,2.318840579710145,Newcastle,0,0.041237113402061855,276.9,False,False,True,False,0.2792792792792793,0.1485148514851485,0.391304347826087,0.0,0.2,0.0,0.3225806451612903,0.03594008087942131,0.22330645161290322
325,Emile,Smith Rowe,3,5.6,16,216,1,0,0,0,0,0,57.4,58.0,64.0,1.0,10,Fulham,2.857142857142857,Sunderland,1,0.07407407407407407,179.4,False,False,True,False,0.16216216216216212,0.1485148514851485,0.21739130434782608,0.07142857142857142,0.0,0.0,0.1935483870967742,0.0689584612236546,0.14467741935483872
642,Hwang,Hee-chan,3,5.8,16,366,1,0,0,0,0,0,53.2,32.8,51.0,0.8,20,Wolves,2.7586206896551726,Crystal Palace,1,0.04371584699453552,137.0,False,False,True,False,0.18018018018018014,0.1485148514851485,0.3690596562184024,0.07142857142857142,0.0,0.0,0.17204301075268816,0.03843250913262687,0.11048387096774194
44,Lamare,Bogarde,2,4.0,16,291,0,0,1,1,0,3,30.6,32.4,6.0,0.2,2,Aston Villa,4.0,Leeds,0,0.054982817869415807,69.0,False,True,False,False,0.018018018018018032,0.1485148514851485,0.29322548028311424,0.0,0.0,0.13043478260869565,0.1075268817204301,0.04976172846537943,0.055645161290322584
627,Sam,Johnstone,1,4.5,15,630,0,0,0,0,0,0,195.0,0.1,0.0,1.8,20,Wolves,3.333333333333333,Crystal Palace,1,0.023809523809523808,195.1,True,False,False,False,0.06306306306306307,0.13861386138613863,0.6359959555106168,0.0,0.0,0.0,0.27956989247311825,0.018416206261510127,0.15733870967741936
410,Rico,Lewis,2,4.8,15,172,0,1,1,0,0,2,47.2,32.2,15.0,0.2,13,Man City,3.125,Newcastle,0,0.0872093023255814,94.4,False,True,False,False,0.09009009009009007,0.13861386138613863,0.17290192113245703,0.0,0.2,0.08695652173913043,0.1075268817204301,0.08216625979699345,0.07612903225806453
375,Conor,Bradley,2,5.0,15,529,0,1,1,4,0,0,75.6,62.8,33.0,3.0,12,Liverpool,3.0,Nott'm Forest,1,0.02835538752362949,171.39999999999998,False,True,False,False,0.10810810810810811,0.13861386138613863,0.5338725985844287,0.0,0.2,0.0,0.4086021505376344,0.022987185244754512,0.1382258064516129
600,Alphonse,Areola,1,4.3,15,630,0,0,0,0,0,0,187.4,0.0,0.0,2.2,19,West Ham,3.488372093023256,Bournemouth,0,0.023809523809523808,187.4,True,False,False,False,0.045045045045045036,0.13861386138613863,0.6359959555106168,0.0,0.0,0.0,0.3225806451612903,0.018416206261510127,0.1511290322580645
170,James,Milner,3,4.9,15,187,1,1,0,1,0,0,79.6,71.2,17.0,1.2,6,Brighton,3.061224489795918,Brentford,1,0.08021390374331551,167.8,False,False,True,False,0.09909909909909913,0.13861386138613863,0.18806875631951467,0.07142857142857142,0.2,0.0,0.2150537634408602,0.07513221260377582,0.1353225806451613
230,Wesley,Fofana,2,4.4,15,307,0,0,2,0,0,0,54.6,7.9,10.0,3.0,7,Chelsea,3.4090909090909087,Burnley,0,0.048859934853420196,72.5,False,True,False,False,0.05405405405405409,0.13861386138613863,0.30940343781597573,0.0,0.0,0.0,0.4086021505376344,0.04360501736642251,0.05846774193548387
712,Yéremy,Pino Santos,3,5.8,15,529,0,0,3,2,0,0,52.2,134.3,94.0,1.5,8,Crystal Palace,2.586206896551724,Wolves,0,0.02835538752362949,280.5,False,False,True,False,0.18018018018018014,0.13861386138613863,0.5338725985844287,0.0,0.0,0.0,0.24731182795698922,0.022987185244754512,0.22620967741935483
209,Josh,Laurent,3,4.9,15,557,0,0,0,1,0,0,71.0,24.2,32.0,1.0,3,Burnley,3.061224489795918,Chelsea,1,0.026929982046678635,127.2,False,False,True,False,0.09909909909909913,0.13861386138613863,0.5621840242669363,0.0,0.0,0.0,0.1935483870967742,0.021553904599422715,0.10258064516129033
232,Tosin,Adarabioyo,2,4.2,14,377,0,0,1,1,0,0,104.6,6.5,11.0,0.8,7,Chelsea,3.333333333333333,Burnley,0,0.03713527851458886,122.1,False,True,False,False,0.036036036036036063,0.12871287128712872,0.38018200202224467,0.0,0.0,0.0,0.17204301075268816,0.03181558392074681,0.09846774193548387
270,Will,Hughes,3,4.8,14,446,0,0,3,3,0,0,58.2,99.7,24.0,0.8,8,Crystal Palace,2.916666666666667,Wolves,0,0.03139013452914798,181.9,False,False,True,False,0.09009009009009007,0.12871287128712872,0.4499494438827098,0.0,0.0,0.0,0.17204301075268816,0.026038698808314543,0.14669354838709678
497,Lewis,Miley,3,4.4,14,273,0,1,1,0,0,0,45.0,52.3,10.0,1.8,15,Newcastle,3.1818181818181817,Man City,1,0.05128205128205128,107.3,False,False,True,False,0.05405405405405409,0.12871287128712872,0.2750252780586451,0.0,0.2,0.0,0.27956989247311825,0.046040515653775316,0.08653225806451613
610,Aaron,Wan-Bissaka,2,4.3,14,561,0,1,0,0,0,0,98.6,76.3,14.0,3.0,19,West Ham,3.255813953488372,Bournemouth,0,0.024955436720142603,188.89999999999998,False,True,False,False,0.045045045045045036,0.12871287128712872,0.5662285136501517,0.0,0.2,0.0,0.4086021505376344,0.019568450182684827,0.15233870967741933
662,Cristhian,Mosquera,2,5.4,14,294,0,0,1,0,0,1,67.4,13.9,8.0,0.5,1,Arsenal,2.592592592592593,Spurs,1,0.047619047619047616,89.30000000000001,False,True,False,False,0.14414414414414417,0.12871287128712872,0.29625884732052576,0.0,0.0,0.043478260869565216,0.13978494623655913,0.04235727440147329,0.07201612903225807
677,Evann,Guessand,3,6.2,14,420,0,0,1,0,0,0,52.2,32.1,65.0,1.2,2,Aston Villa,2.258064516129032,Leeds,0,0.03333333333333333,149.3,False,False,True,False,0.21621621621621623,0.12871287128712872,0.4236602628918099,0.0,0.0,0.0,0.2150537634408602,0.027992633517495393,0.12040322580645162
543,Simon,Adingra,3,5.1,14,297,0,1,2,1,0,0,28.4,79.1,8.0,0.2,17,Sunderland,2.7450980392156863,Fulham,0,0.04713804713804714,115.5,False,False,True,False,0.11711711711711709,0.12871287128712872,0.2992922143579373,0.0,0.2,0.0,0.1075268817204301,0.04187361645925182,0.09314516129032258
526,Igor Jesus,Maciel da Cruz,4,5.8,14,326,0,1,0,0,0,0,23.8,36.3,107.0,2.0,16,Nott'm Forest,2.413793103448276,Liverpool,0,0.04294478527607362,167.1,False,False,False,True,0.18018018018018014,0.12871287128712872,0.32861476238624876,0.0,0.2,0.0,0.30107526881720426,0.03765718740467071,0.13475806451612904
695,Jackson,Tchatchoua,2,4.5,14,517,0,0,0,0,0,0,118.8,93.5,18.0,1.2,20,Wolves,3.111111111111111,Crystal Palace,1,0.027079303675048357,230.3,False,True,False,False,0.06306306306306307,0.12871287128712872,0.5217391304347826,0.0,0.0,0.0,0.2150537634408602,0.021704051209164642,0.1857258064516129
506,Murillo,Costa dos Santos,2,5.3,13,649,0,0,0,2,0,0,137.4,15.8,8.0,1.5,16,Nott'm Forest,2.452830188679245,Liverpool,0,0.020030816640986132,161.20000000000002,False,True,False,False,0.13513513513513511,0.1188118811881188,0.6552072800808898,0.0,0.0,0.0,0.24731182795698922,0.014616622257787159,0.13
721,Veljko,Milosavljevic,2,4.5,13,275,0,0,1,0,0,0,72.2,12.1,6.0,2.0,4,Bournemouth,2.888888888888889,West Ham,1,0.04727272727272727,90.3,False,True,False,False,0.06306306306306307,0.1188118811881188,0.2770475227502528,0.0,0.0,0.0,0.30107526881720426,0.04200904068307383,0.07282258064516128
123,Fábio,Freitas Gouveia Carvalho,3,4.8,13,100,1,0,0,0,0,1,39.0,6.5,36.0,0.2,5,Brentford,2.708333333333333,Brighton,0,0.13,81.5,False,False,True,False,0.09009009009009007,0.1188118811881188,0.10010111223458039,0.07142857142857142,0.0,0.043478260869565216,0.1075268817204301,0.12519337016574586,0.0657258064516129
459,Manuel,Ugarte Ribeiro,3,4.8,13,299,0,0,0,0,0,0,54.6,26.4,2.0,0.8,14,Man Utd,2.708333333333333,Everton,1,0.043478260869565216,83.0,False,False,True,False,0.09009009009009007,0.1188118811881188,0.301314459049545,0.0,0.0,0.0,0.17204301075268816,0.03819361037713187,0.06693548387096775
693,Omari,Hutchinson,3,5.4,13,128,0,2,0,0,0,1,46.4,88.7,51.0,2.2,16,Nott'm Forest,2.4074074074074074,Liverpool,0,0.1015625,186.1,False,False,True,False,0.14414414414414417,0.1188118811881188,0.12841253791708795,0.0,0.4,0.043478260869565216,0.3225806451612903,0.09659875690607735,0.15008064516129033
388,Curtis,Jones,3,5.4,13,338,0,1,0,1,0,0,59.0,66.3,33.0,0.8,12,Liverpool,2.4074074074074074,Nott'm Forest,1,0.038461538461538464,158.3,False,False,True,False,0.14414414414414417,0.1188118811881188,0.34074823053589487,0.0,0.2,0.0,0.17204301075268816,0.03314917127071823,0.12766129032258067
635,Rodrigo,Martins Gomes,2,4.5,13,331,1,0,0,0,0,0,60.2,40.4,103.0,0.8,20,Wolves,2.888888888888889,Crystal Palace,1,0.03927492447129909,203.6,False,True,False,False,0.06306306306306307,0.1188118811881188,0.33367037411526795,0.07142857142857142,0.0,0.0,0.17204301075268816,0.03396705112583665,0.16419354838709677
358,Tanaka,Ao,3,4.8,13,320,0,0,2,0,0,0,19.8,62.4,10.0,1.5,11,Leeds,2.708333333333333,Aston Villa,1,0.040625,92.2,False,False,True,False,0.09009009009009007,0.1188118811881188,0.3225480283114257,0.0,0.0,0.0,0.24731182795698922,0.03532458563535912,0.07435483870967742
17,Martin,Ødegaard,3,7.8,13,201,0,1,1,0,0,0,43.0,65.0,22.0,0.0,1,Arsenal,1.6666666666666667,Spurs,1,0.06467661691542288,130.0,False,False,True,False,0.3603603603603603,0.1188118811881188,0.20222446916076844,0.0,0.2,0.0,0.08602150537634408,0.05950908441219317,0.10483870967741936
644,Jean-Ricner,Bellegarde,3,5.2,13,474,0,0,0,1,0,0,49.8,74.2,62.0,1.2,20,Wolves,2.5,Crystal Palace,1,0.027426160337552744,186.0,False,False,True,False,0.12612612612612614,0.1188118811881188,0.4782608695652174,0.0,0.0,0.0,0.2150537634408602,0.02205282420682099,0.15
735,Bertrand,Traoré,3,5.5,13,358,0,1,1,1,0,0,42.0,59.3,77.0,3.0,17,Sunderland,2.363636363636364,Fulham,0,0.036312849162011177,178.3,False,False,True,False,0.15315315315315314,0.1188118811881188,0.3609706774519717,0.0,0.2,0.0,0.4086021505376344,0.030988610759591348,0.14379032258064517
730,Brian,Brobbey,4,5.5,13,106,1,1,0,0,0,0,59.6,10.9,23.0,2.5,17,Sunderland,2.363636363636364,Fulham,0,0.12264150943396226,93.5,False,False,False,True,0.15315315315315314,0.1188118811881188,0.10616784630940344,0.07142857142857142,0.2,0.0,0.3548387096774193,0.11779422495569687,0.07540322580645162
48,Youri,Tielemans,3,5.9,12,334,0,1,1,0,0,0,55.4,84.4,31.0,1.0,2,Aston Villa,2.0338983050847457,Leeds,0,0.03592814371257485,170.8,False,False,True,False,0.1891891891891892,0.10891089108910891,0.3367037411526795,0.0,0.2,0.0,0.1935483870967742,0.030601779865682997,0.13774193548387098
716,Nicolò,Savona,2,4.5,12,429,1,0,0,0,0,0,104.0,44.3,43.0,2.8,16,Nott'm Forest,2.6666666666666665,Liverpool,0,0.027972027972027972,191.3,False,True,False,False,0.06306306306306307,0.10891089108910891,0.4327603640040445,0.07142857142857142,0.0,0.0,0.3870967741935483,0.02260170768458061,0.15427419354838712
574,Destiny,Udogie,2,4.4,12,341,0,1,0,0,0,0,77.0,71.7,48.0,1.2,18,Spurs,2.727272727272727,Arsenal,0,0.03519061583577713,196.7,False,True,False,False,0.05405405405405409,0.10891089108910891,0.3437815975733064,0.0,0.2,0.0,0.2150537634408602,0.02986017724923446,0.15862903225806452
128,Frank,Onyeka,3,4.9,12,88,0,2,0,0,0,0,28.4,13.6,4.0,0.2,5,Brentford,2.4489795918367343,Brighton,0,0.13636363636363635,46.0,False,False,True,False,0.09909909909909913,0.10891089108910891,0.08796764408493428,0.0,0.4,0.0,0.1075268817204301,0.131592164741336,0.037096774193548385
570,Kevin,Danso,2,4.3,12,257,0,0,1,3,0,1,64.4,3.4,0.0,2.2,18,Spurs,2.7906976744186047,Arsenal,0,0.04669260700389105,67.80000000000001,False,True,False,False,0.045045045045045036,0.10891089108910891,0.25884732052578363,0.0,0.0,0.043478260869565216,0.3225806451612903,0.041425715329879396,0.05467741935483872
310,Thierno,Barry,4,5.7,12,380,0,0,2,1,0,0,15.0,34.3,56.0,1.0,9,Everton,2.1052631578947367,Man Utd,0,0.031578947368421054,105.3,False,False,False,True,0.17117117117117117,0.10891089108910891,0.3832153690596562,0.0,0.0,0.0,0.1935483870967742,0.026228554812445477,0.08491935483870967
413,Omar,Marmoush,3,8.3,12,178,0,1,0,0,0,2,38.2,37.4,67.0,0.8,13,Man City,1.4457831325301205,Newcastle,0,0.06741573033707865,142.6,False,False,True,False,0.40540540540540543,0.10891089108910891,0.1789686552072801,0.0,0.2,0.08695652173913043,0.17204301075268816,0.06226333105717301,0.11499999999999999
421,Rodrigo 'Rodri',Hernandez Cascante,3,6.3,12,292,0,0,1,0,0,0,50.6,50.9,19.0,0.2,13,Man City,1.9047619047619049,Newcastle,0,0.0410958904109589,120.5,False,False,True,False,0.2252252252252252,0.10891089108910891,0.2942366026289181,0.0,0.0,0.0,0.1075268817204301,0.035798077650798454,0.09717741935483871
485,Anthony,Gordon,3,7.4,12,461,0,0,3,0,1,0,40.8,95.8,130.0,1.2,15,Newcastle,1.6216216216216215,Man City,1,0.026030368763557483,266.6,False,False,True,False,0.32432432432432434,0.10891089108910891,0.46511627906976744,0.0,0.0,0.0,0.2150537634408602,0.020649321077168294,0.21500000000000002
164,Matt,O'Riley,3,5.5,12,177,1,0,1,0,0,2,60.8,66.6,63.0,0.0,6,Brighton,2.1818181818181817,Brentford,1,0.06779661016949153,190.39999999999998,False,False,True,False,0.15315315315315314,0.10891089108910891,0.17795753286147623,0.07142857142857142,0.0,0.08695652173913043,0.08602150537634408,0.06264631519805225,0.15354838709677418
544,Habib,Diarra,3,5.3,12,345,0,1,2,1,0,0,10.6,31.0,45.0,0.0,17,Sunderland,2.2641509433962264,Fulham,0,0.034782608695652174,86.6,False,False,True,False,0.13513513513513511,0.10891089108910891,0.34782608695652173,0.0,0.2,0.0,0.08602150537634408,0.029449915926014893,0.06983870967741936
723,Jaydee,Canvot,2,4.5,11,91,0,0,1,0,0,2,30.4,0.9,8.0,2.8,8,Crystal Palace,2.4444444444444446,Wolves,0,0.12087912087912088,39.3,False,True,False,False,0.06306306306306307,0.09900990099009901,0.0910010111223458,0.0,0.0,0.08695652173913043,0.3870967741935483,0.11602209944751382,0.03169354838709677
235,Cole,Palmer,3,10.3,11,144,1,0,1,0,0,1,44.4,19.2,65.0,0.0,7,Chelsea,1.0679611650485437,Burnley,0,0.0763888888888889,128.6,False,False,True,False,0.5855855855855856,0.09900990099009901,0.14459049544994945,0.07142857142857142,0.0,0.043478260869565216,0.08602150537634408,0.07128606507059547,0.10370967741935483
402,Rayan,Aït-Nouri,2,5.8,11,203,0,0,1,1,0,1,44.0,27.5,7.0,0.2,13,Man City,1.896551724137931,Newcastle,0,0.054187192118226604,78.5,False,True,False,False,0.18018018018018014,0.09900990099009901,0.20424671385237614,0.0,0.0,0.043478260869565216,0.1075268817204301,0.04896170699180796,0.06330645161290323
372,Andrew,Robertson,2,5.8,11,291,0,0,1,0,0,2,68.4,102.6,47.0,2.2,12,Liverpool,1.896551724137931,Nott'm Forest,1,0.037800687285223365,218.0,False,True,False,False,0.18018018018018014,0.09900990099009901,0.29322548028311424,0.0,0.0,0.08695652173913043,0.3225806451612903,0.03248466898293178,0.17580645161290323
182,James,Trafford,1,4.7,11,270,0,0,1,0,0,0,100.2,0.0,0.0,0.0,13,Man City,2.3404255319148937,Newcastle,0,0.040740740740740744,100.2,True,False,False,False,0.0810810810810811,0.09900990099009901,0.27199191102123355,0.0,0.0,0.0,0.08602150537634408,0.03544096582770616,0.08080645161290323
614,James,Ward-Prowse,3,5.6,11,414,0,0,1,0,0,0,56.6,176.3,6.0,0.0,19,West Ham,1.9642857142857144,Bournemouth,0,0.026570048309178744,238.9,False,False,True,False,0.16216216216216212,0.09900990099009901,0.41759352881698686,0.0,0.0,0.0,0.08602150537634408,0.02119198227773774,0.19266129032258064
631,Emmanuel,Agbadou,2,4.3,11,560,0,0,0,0,1,0,162.2,39.9,39.0,-0.8,20,Wolves,2.558139534883721,Crystal Palace,1,0.019642857142857142,241.1,False,True,False,False,0.045045045045045036,0.09900990099009901,0.5652173913043478,0.0,0.0,0.0,0.0,0.014226519337016573,0.19443548387096773
353,Daniel,James,3,5.3,11,284,0,0,1,0,0,0,26.4,83.1,47.0,1.0,11,Leeds,2.0754716981132075,Aston Villa,1,0.03873239436619718,156.5,False,False,True,False,0.13513513513513511,0.09900990099009901,0.2861476238624874,0.0,0.0,0.0,0.1935483870967742,0.03342152361683915,0.12620967741935485
409,John,Stones,2,5.4,11,324,0,0,1,0,0,0,69.6,19.3,2.0,0.5,13,Man City,2.0370370370370368,Newcastle,0,0.033950617283950615,90.89999999999999,False,True,False,False,0.14414414414414417,0.09900990099009901,0.32659251769464104,0.0,0.0,0.0,0.13978494623655913,0.028613327876679622,0.07330645161290322
326,Adama,Traoré Diarra,3,5.2,11,242,0,0,0,0,0,0,19.0,58.9,55.0,1.2,10,Fulham,2.1153846153846154,Sunderland,1,0.045454545454545456,132.9,False,False,True,False,0.12612612612612614,0.09900990099009901,0.243680485338726,0.0,0.0,0.0,0.2150537634408602,0.04018081366147665,0.10717741935483871
406,Abdukodir,Khusanov,2,5.4,11,227,0,0,1,1,0,0,42.4,5.2,0.0,0.0,13,Man City,2.0370370370370368,Newcastle,0,0.048458149779735685,47.6,False,True,False,False,0.14414414414414417,0.09900990099009901,0.22851365015166836,0.0,0.0,0.0,0.08602150537634408,0.043201012485701074,0.03838709677419355
352,Jack,Harrison,3,5.2,11,261,0,0,0,0,0,0,30.0,49.4,35.0,1.2,11,Leeds,2.1153846153846154,Aston Villa,1,0.0421455938697318,114.4,False,False,True,False,0.12612612612612614,0.09900990099009901,0.26289180990899896,0.0,0.0,0.0,0.2150537634408602,0.03685358057619441,0.09225806451612904
522,Ryan,Yates,3,4.7,11,240,0,1,0,1,0,0,53.0,25.5,21.0,1.8,16,Nott'm Forest,2.3404255319148937,Liverpool,0,0.04583333333333333,99.5,False,False,True,False,0.0810810810810811,0.09900990099009901,0.2416582406471183,0.0,0.2,0.0,0.27956989247311825,0.04056169429097605,0.08024193548387097
431,Altay,Bayındır,1,4.8,11,540,0,0,0,0,0,0,118.4,10.0,0.0,0.0,14,Man Utd,2.291666666666667,Everton,1,0.020370370370370372,128.4,True,False,False,False,0.09009009009009007,0.09900990099009901,0.544994944388271,0.0,0.0,0.0,0.08602150537634408,0.01495805197462656,0.10354838709677419
499,Alexander,Isak,4,10.4,10,250,0,1,0,0,0,0,21.8,21.5,50.0,0.5,12,Liverpool,0.9615384615384616,Nott'm Forest,1,0.04,93.3,False,False,False,True,0.5945945945945945,0.0891089108910891,0.2517694641051567,0.0,0.2,0.0,0.13978494623655913,0.03469613259668508,0.07524193548387097
55,Ross,Barkley,3,4.8,10,80,1,0,0,0,0,0,51.8,29.3,53.0,2.2,2,Aston Villa,2.083333333333333,Leeds,0,0.125,134.1,False,False,True,False,0.09009009009009007,0.0891089108910891,0.07987866531850354,0.07142857142857142,0.0,0.0,0.3225806451612903,0.12016574585635359,0.10814516129032258
623,Freddie,Potts,3,4.4,10,282,0,0,0,0,0,0,60.4,78.5,2.0,1.8,19,West Ham,2.2727272727272725,Bournemouth,0,0.03546099290780142,140.9,False,False,True,False,0.05405405405405409,0.0891089108910891,0.28412537917087965,0.0,0.0,0.0,0.27956989247311825,0.030132048117236788,0.11362903225806452
625,Niclas,Füllkrug,4,5.6,10,379,0,0,1,0,0,0,24.8,72.3,125.0,0.0,19,West Ham,1.7857142857142858,Bournemouth,0,0.026385224274406333,222.1,False,False,False,True,0.16216216216216212,0.0891089108910891,0.3822042467138524,0.0,0.0,0.0,0.08602150537634408,0.021006137115701394,0.17911290322580645
731,Kevin,Santos Lopes de Macedo,3,5.9,10,314,0,0,1,1,0,0,58.2,69.4,47.0,1.8,10,Fulham,1.694915254237288,Sunderland,1,0.03184713375796178,174.60000000000002,False,False,True,False,0.1891891891891892,0.0891089108910891,0.31648129423660265,0.0,0.0,0.0,0.27956989247311825,0.026498222894746102,0.14080645161290326
438,Noussair,Mazraoui,2,4.9,10,200,0,0,1,1,0,1,41.4,16.9,8.0,0.2,14,Man Utd,2.0408163265306123,Everton,1,0.05,66.3,False,True,False,False,0.09909909909909913,0.0891089108910891,0.2012133468149646,0.0,0.0,0.043478260869565216,0.1075268817204301,0.044751381215469614,0.05346774193548387
319,Timothy,Castagne,2,4.4,10,397,0,0,0,0,0,0,68.8,52.5,37.0,0.8,10,Fulham,2.2727272727272725,Sunderland,1,0.02518891687657431,158.3,False,True,False,False,0.05405405405405409,0.0891089108910891,0.40040444893832156,0.0,0.0,0.0,0.17204301075268816,0.019803220284732175,0.12766129032258067
341,Karl,Darlow,1,4.0,10,450,0,0,0,0,0,0,105.0,0.0,0.0,0.2,11,Leeds,2.5,Aston Villa,1,0.022222222222222223,105.0,True,False,False,False,0.018018018018018032,0.0891089108910891,0.4539939332659252,0.0,0.0,0.0,0.1075268817204301,0.01682013505217925,0.0846774193548387
405,Nathan,Aké,2,5.3,10,201,0,0,1,0,0,0,37.4,24.9,13.0,1.5,13,Man City,1.8867924528301887,Newcastle,0,0.04975124378109453,75.3,False,True,False,False,0.13513513513513511,0.0891089108910891,0.20222446916076844,0.0,0.0,0.0,0.24731182795698922,0.04450125065281328,0.0607258064516129
125,Vitaly,Janelt,3,4.9,10,145,0,0,0,0,0,0,22.8,38.0,16.0,1.8,5,Brentford,2.0408163265306123,Brighton,0,0.06896551724137931,76.8,False,False,True,False,0.09909909909909913,0.0891089108910891,0.14560161779575329,0.0,0.0,0.0,0.27956989247311825,0.06382168032006097,0.06193548387096774
724,Lutsharel,Geertruida,2,4.5,10,337,0,0,0,0,0,0,73.8,18.4,22.0,1.5,17,Sunderland,2.2222222222222223,Fulham,0,0.02967359050445104,114.19999999999999,False,True,False,False,0.06306306306306307,0.0891089108910891,0.339737108190091,0.0,0.0,0.0,0.24731182795698922,0.024312671114972866,0.09209677419354838
180,Stefanos,Tzimas,4,5.3,10,84,0,1,0,0,0,0,28.4,61.2,25.0,1.0,6,Brighton,1.8867924528301887,Brentford,1,0.11904761904761904,114.6,False,False,False,True,0.13513513513513511,0.0891089108910891,0.0839231547017189,0.0,0.2,0.0,0.1935483870967742,0.1141804788213628,0.09241935483870967
18,Noni,Madueke,3,6.8,10,304,0,0,2,0,0,0,30.2,111.7,105.0,0.0,1,Arsenal,1.4705882352941178,Spurs,1,0.03289473684210526,246.9,False,False,True,False,0.27027027027027023,0.0891089108910891,0.3063700707785642,0.0,0.0,0.0,0.08602150537634408,0.027551613841232912,0.19911290322580646
473,Lewis,Hall,2,5.2,9,146,0,0,1,0,0,1,34.0,5.5,11.0,0.0,15,Newcastle,1.7307692307692306,Man City,1,0.06164383561643835,50.5,False,True,False,False,0.12612612612612614,0.07920792079207921,0.14661274014155712,0.0,0.0,0.043478260869565216,0.08602150537634408,0.0564595474154242,0.0407258064516129
73,Adam,Smith,2,4.4,9,213,0,0,1,0,0,0,17.8,14.0,4.0,0.2,4,Bournemouth,2.0454545454545454,West Ham,1,0.04225352112676056,35.8,False,True,False,False,0.05405405405405409,0.07920792079207921,0.21435793731041455,0.0,0.0,0.0,0.1075268817204301,0.03696210411641117,0.028870967741935483
679,Mads,Hermansen,1,4.4,9,360,0,0,1,0,0,0,84.8,0.0,0.0,0.0,19,West Ham,2.0454545454545454,Bournemouth,0,0.025,84.8,True,False,False,False,0.05405405405405409,0.07920792079207921,0.36299292214357937,0.0,0.0,0.0,0.08602150537634408,0.019613259668508288,0.06838709677419355
686,Rio,Ngumoha,3,4.5,9,30,1,0,0,0,0,0,39.2,22.7,25.0,0.2,12,Liverpool,2.0,Nott'm Forest,1,0.3,86.9,False,False,True,False,0.06306306306306307,0.07920792079207921,0.029322548028311426,0.07142857142857142,0.0,0.0,0.1075268817204301,0.29613259668508285,0.07008064516129033
276,Justin,Devenny,3,4.3,9,157,0,0,0,0,0,0,16.2,31.4,73.0,0.2,8,Crystal Palace,2.0930232558139537,Wolves,0,0.05732484076433121,120.6,False,False,True,False,0.045045045045045036,0.07920792079207921,0.1577350859453994,0.0,0.0,0.0,0.1075268817204301,0.052116690713305415,0.09725806451612903
239,Jamie,Bynoe-Gittens,3,6.1,9,248,0,0,0,0,0,0,34.2,77.4,51.0,1.0,7,Chelsea,1.475409836065574,Burnley,0,0.036290322580645164,162.60000000000002,False,False,True,False,0.20720720720720717,0.07920792079207921,0.24974721941354905,0.0,0.0,0.0,0.1935483870967742,0.030965959721974693,0.13112903225806452
720,Tolu,Arokodare,4,5.5,9,208,0,0,0,0,0,0,13.4,16.4,71.0,0.8,20,Wolves,1.6363636363636365,Crystal Palace,1,0.04326923076923077,100.8,False,False,False,True,0.15315315315315314,0.07920792079207921,0.20930232558139536,0.0,0.0,0.0,0.17204301075268816,0.03798342541436464,0.08129032258064516
621,Andy,Irving,3,4.4,8,149,0,0,0,0,0,0,29.6,38.3,2.0,1.0,19,West Ham,1.818181818181818,Bournemouth,0,0.053691275167785234,69.9,False,False,True,False,0.05405405405405409,0.06930693069306931,0.14964610717896865,0.0,0.0,0.0,0.1935483870967742,0.04846305016871222,0.056370967741935486
331,Tom,Cairney,3,4.9,8,196,0,0,0,1,0,0,14.6,35.1,22.0,1.0,10,Fulham,1.6326530612244896,Sunderland,1,0.04081632653061224,71.7,False,False,True,False,0.09909909909909913,0.06930693069306931,0.19716885743174925,0.0,0.0,0.0,0.1935483870967742,0.035516969218626675,0.05782258064516129
682,David,Møller Wolfe,2,4.4,8,149,0,1,0,0,0,0,37.0,20.9,4.0,0.2,20,Wolves,1.818181818181818,Crystal Palace,1,0.053691275167785234,61.9,False,True,False,False,0.05405405405405409,0.06930693069306931,0.14964610717896865,0.0,0.2,0.0,0.1075268817204301,0.04846305016871222,0.04991935483870968
713,Álex,Jiménez Sánchez,2,4.5,8,409,0,0,1,4,0,0,63.8,35.0,22.0,1.8,4,Bournemouth,1.7777777777777777,West Ham,1,0.019559902200488997,120.8,False,True,False,False,0.06306306306306307,0.06930693069306931,0.41253791708796766,0.0,0.0,0.0,0.27956989247311825,0.014143106080049709,0.09741935483870967
551,Chris,Rigg,3,4.8,8,186,0,0,1,0,0,0,9.0,25.6,7.0,1.0,17,Sunderland,1.6666666666666667,Fulham,0,0.043010752688172046,41.6,False,False,True,False,0.09009009009009007,0.06930693069306931,0.1870576339737108,0.0,0.0,0.0,0.1935483870967742,0.03772351927760946,0.03354838709677419
301,Carlos,Alcaraz Durán,3,5.2,8,242,0,0,0,2,0,0,23.2,24.3,51.0,0.8,9,Everton,1.5384615384615383,Man Utd,0,0.03305785123966942,98.5,False,False,True,False,0.12612612612612614,0.06930693069306931,0.243680485338726,0.0,0.0,0.0,0.17204301075268816,0.027715629423314004,0.07943548387096774
284,Eddie,Nketiah,4,5.4,8,107,1,0,0,1,0,0,43.6,45.9,58.0,0.5,8,Crystal Palace,1.4814814814814814,Wolves,0,0.07476635514018691,147.5,False,False,False,True,0.14414414414414417,0.06930693069306931,0.10717896865520728,0.07142857142857142,0.0,0.0,0.13978494623655913,0.06965456704703878,0.11895161290322581
181,Charalampos,Kostoulas,4,4.8,8,29,1,0,0,0,0,0,37.2,0.9,44.0,2.0,6,Brighton,1.6666666666666667,Brentford,1,0.27586206896551724,82.1,False,False,False,True,0.09009009009009007,0.06930693069306931,0.028311425682507583,0.07142857142857142,0.0,0.0,0.30107526881720426,0.271861306915603,0.06620967741935484
511,Felipe,Rodrigues da Silva,2,4.4,8,438,0,0,0,3,0,0,93.4,5.5,3.0,0.2,16,Nott'm Forest,1.818181818181818,Liverpool,0,0.0182648401826484,101.9,False,True,False,False,0.05405405405405409,0.06930693069306931,0.4418604651162791,0.0,0.0,0.0,0.1075268817204301,0.012840889023436513,0.08217741935483872
116,Aaron,Hickey,2,4.0,8,253,0,0,0,1,0,0,24.8,5.6,29.0,0.5,5,Brentford,2.0,Brighton,0,0.03162055335968379,59.4,False,True,False,False,0.018018018018018032,0.06930693069306931,0.25480283114256824,0.0,0.0,0.0,0.13978494623655913,0.026270390671063258,0.047903225806451614
697,Amine,Adli,3,5.4,8,210,0,0,0,0,0,0,52.8,52.1,34.0,0.8,4,Bournemouth,1.4814814814814814,West Ham,1,0.0380952380952381,138.9,False,False,True,False,0.14414414414414417,0.06930693069306931,0.21132457027300303,0.0,0.0,0.0,0.17204301075268816,0.03278084714548803,0.11201612903225806
25,Ethan,Nwaneri,3,5.1,7,163,0,0,1,0,0,0,8.4,22.4,24.0,0.2,1,Arsenal,1.3725490196078431,Spurs,1,0.04294478527607362,54.8,False,False,True,False,0.11711711711711709,0.0594059405940594,0.16380182002022245,0.0,0.0,0.0,0.1075268817204301,0.03765718740467071,0.04419354838709677
645,Fer,López González,3,5.2,7,116,0,1,0,1,0,0,27.0,52.0,32.0,0.2,20,Wolves,1.346153846153846,Crystal Palace,1,0.0603448275862069,111.0,False,False,True,False,0.12612612612612614,0.0594059405940594,0.11627906976744186,0.0,0.2,0.0,0.1075268817204301,0.05515336254524671,0.08951612903225807
699,Douglas Luiz,Soares de Paulo,3,5.0,7,185,0,1,0,1,0,0,23.2,46.5,10.0,0.5,16,Nott'm Forest,1.4,Liverpool,0,0.03783783783783784,79.7,False,False,True,False,0.10810810810810811,0.0594059405940594,0.18604651162790697,0.0,0.2,0.0,0.13978494623655913,0.032522024787218155,0.06427419354838709
391,Ben,Gannon-Doak,3,4.9,7,53,0,1,0,0,0,0,21.2,14.0,11.0,0.5,4,Bournemouth,1.4285714285714284,West Ham,1,0.1320754716981132,46.2,False,False,True,False,0.09909909909909913,0.0594059405940594,0.0525783619817998,0.0,0.2,0.0,0.13978494623655913,0.12728030855832376,0.037258064516129036
152,Joël,Veltman,2,4.3,7,339,0,0,0,3,0,0,69.2,20.5,6.0,0.0,6,Brighton,1.627906976744186,Brentford,1,0.02064896755162242,95.7,False,True,False,False,0.045045045045045036,0.0594059405940594,0.3417593528816987,0.0,0.0,0.0,0.08602150537634408,0.01523818836682475,0.07717741935483871
370,Jeremie,Frimpong,2,5.7,7,83,0,1,0,0,0,0,19.4,17.3,29.0,0.2,12,Liverpool,1.2280701754385963,Nott'm Forest,1,0.08433734939759036,65.7,False,True,False,False,0.17117117117117117,0.0594059405940594,0.08291203235591507,0.0,0.2,0.0,0.1075268817204301,0.07927843972575384,0.05298387096774194
356,Ilia,Gruev,3,4.8,7,211,0,0,1,1,0,0,25.0,8.9,2.0,0.0,11,Leeds,1.4583333333333337,Aston Villa,1,0.03317535545023697,35.9,False,False,True,False,0.09009009009009007,0.0594059405940594,0.2123356926188069,0.0,0.0,0.0,0.08602150537634408,0.027833782828415074,0.028951612903225805
33,Marco,Bizot,1,4.3,7,180,0,0,1,1,0,0,25.4,0.0,0.0,0.0,2,Aston Villa,1.627906976744186,Leeds,0,0.03888888888888889,25.4,True,False,False,False,0.045045045045045036,0.0594059405940594,0.18099089989888775,0.0,0.0,0.0,0.08602150537634408,0.033578882750153465,0.020483870967741933
609,Jean-Clair,Todibo,2,4.3,7,486,0,0,0,1,0,0,110.0,16.4,4.0,1.5,19,West Ham,1.627906976744186,Bournemouth,0,0.01440329218106996,130.4,False,True,False,False,0.045045045045045036,0.0594059405940594,0.4903943377148635,0.0,0.0,0.0,0.24731182795698922,0.008958006502512333,0.10516129032258065
727,Samuel,Chukwueze,3,5.3,7,77,0,1,0,0,0,0,21.2,26.7,39.0,0.5,10,Fulham,1.3207547169811322,Sunderland,1,0.09090909090909091,86.9,False,False,True,False,0.13513513513513511,0.0594059405940594,0.07684529828109202,0.0,0.2,0.0,0.13978494623655913,0.08588648920140633,0.07008064516129033
321,Jorge,Cuenca Barreno,2,4.4,7,168,0,0,0,0,0,0,40.6,4.6,6.0,1.0,10,Fulham,1.5909090909090908,Sunderland,1,0.041666666666666664,51.2,False,True,False,False,0.05405405405405409,0.0594059405940594,0.16885743174924167,0.0,0.0,0.0,0.1935483870967742,0.0363720073664825,0.04129032258064516
246,Andrey,Nascimento dos Santos,3,4.5,7,227,0,0,0,2,0,0,26.6,44.1,42.0,0.5,7,Chelsea,1.5555555555555556,Burnley,0,0.030837004405286344,112.7,False,False,True,False,0.06306306306306307,0.0594059405940594,0.22851365015166836,0.0,0.0,0.0,0.13978494623655913,0.025482512716917757,0.09088709677419356
252,Marc,Guiu Paz,4,4.2,7,162,0,0,0,0,0,0,1.0,4.3,60.0,1.0,7,Chelsea,1.6666666666666663,Burnley,0,0.043209876543209874,65.3,False,False,False,True,0.036036036036036063,0.0594059405940594,0.16279069767441862,0.0,0.0,0.0,0.1935483870967742,0.037923743264443074,0.05266129032258064
458,Kobbie,Mainoo,3,4.7,7,138,0,0,0,0,0,0,29.4,56.6,5.0,0.5,14,Man Utd,1.4893617021276595,Everton,1,0.050724637681159424,91.0,False,False,True,False,0.0810810810810811,0.0594059405940594,0.1385237613751264,0.0,0.0,0.0,0.13978494623655913,0.045480022419729364,0.07338709677419354
726,Randal,Kolo Muani,4,6.9,6,189,0,0,1,0,0,0,8.2,22.8,8.0,1.5,18,Spurs,0.8695652173913043,Arsenal,0,0.031746031746031744,39.0,False,False,False,True,0.2792792792792793,0.04950495049504951,0.19009100101112233,0.0,0.0,0.0,0.24731182795698922,0.026396562308164513,0.031451612903225803
10,Myles,Lewis-Skelly,2,5.1,6,86,0,0,0,1,0,0,9.8,7.2,4.0,0.5,1,Arsenal,1.1764705882352942,Spurs,1,0.06976744186046512,21.0,False,True,False,False,0.11711711711711709,0.04950495049504951,0.0859453993933266,0.0,0.0,0.0,0.13978494623655913,0.06462803546190415,0.016935483870967744
11,Benjamin,White,2,5.3,6,70,0,0,1,0,0,0,15.4,11.3,1.0,0.0,1,Arsenal,1.1320754716981132,Spurs,1,0.08571428571428572,27.700000000000003,False,True,False,False,0.13513513513513511,0.04950495049504951,0.06976744186046512,0.0,0.0,0.0,0.08602150537634408,0.08066298342541436,0.02233870967741936
351,Wilfried,Gnonto,3,5.2,6,191,0,0,1,1,0,0,15.8,21.4,16.0,0.0,11,Leeds,1.1538461538461535,Aston Villa,1,0.031413612565445025,53.2,False,False,True,False,0.12612612612612614,0.04950495049504951,0.19211324570273003,0.0,0.0,0.0,0.08602150537634408,0.026062306557519305,0.04290322580645162
392,Endo,Wataru,3,4.9,6,36,0,1,0,1,0,0,28.8,10.9,0.0,0.0,12,Liverpool,1.2244897959183672,Nott'm Forest,1,0.16666666666666666,39.7,False,False,True,False,0.09909909909909913,0.04950495049504951,0.03538928210313448,0.0,0.2,0.0,0.08602150537634408,0.1620626151012891,0.03201612903225807
637,Toti,Gomes,2,4.3,6,525,0,0,0,1,1,0,95.0,57.1,27.0,0.2,20,Wolves,1.3953488372093024,Crystal Palace,1,0.011428571428571429,179.1,False,True,False,False,0.045045045045045036,0.04950495049504951,0.5298281092012134,0.0,0.0,0.0,0.1075268817204301,0.0059668508287292815,0.14443548387096775
39,Ian,Maatsen,2,4.2,6,169,0,0,0,1,0,0,49.0,78.7,22.0,0.8,2,Aston Villa,1.4285714285714286,Leeds,0,0.03550295857988166,149.7,False,True,False,False,0.036036036036036063,0.04950495049504951,0.1698685540950455,0.0,0.0,0.0,0.17204301075268816,0.030174245643858903,0.12072580645161289
109,Rico,Henry,2,4.3,6,189,0,0,0,1,0,0,19.0,14.5,14.0,0.5,5,Brentford,1.3953488372093024,Brighton,0,0.031746031746031744,47.5,False,True,False,False,0.045045045045045036,0.04950495049504951,0.19009100101112233,0.0,0.0,0.0,0.13978494623655913,0.026396562308164513,0.038306451612903226
696,Arnaud,Kalimuendo,4,6.0,6,66,0,0,0,0,0,0,2.8,16.4,22.0,0.2,16,Nott'm Forest,1.0,Liverpool,0,0.09090909090909091,41.2,False,False,False,True,0.1981981981981982,0.04950495049504951,0.06572295247724974,0.0,0.0,0.0,0.1075268817204301,0.08588648920140633,0.0332258064516129
507,Ola,Aina,2,4.7,6,270,0,0,0,1,0,0,53.8,33.3,11.0,0.0,16,Nott'm Forest,1.276595744680851,Liverpool,0,0.022222222222222223,98.1,False,True,False,False,0.0810810810810811,0.04950495049504951,0.27199191102123355,0.0,0.0,0.0,0.08602150537634408,0.01682013505217925,0.07911290322580644
362,Joël,Piroe,4,5.0,6,178,0,0,1,0,0,0,5.4,16.7,77.0,0.5,11,Leeds,1.2,Aston Villa,1,0.033707865168539325,99.1,False,False,False,True,0.10810810810810811,0.04950495049504951,0.1789686552072801,0.0,0.0,0.0,0.13978494623655913,0.02836923458935998,0.07991935483870967
250,Liam,Delap,4,6.2,6,154,0,0,1,0,0,0,11.0,7.7,55.0,0.5,7,Chelsea,0.9677419354838708,Burnley,0,0.03896103896103896,73.7,False,False,False,True,0.21621621621621623,0.04950495049504951,0.15470171890798787,0.0,0.0,0.0,0.13978494623655913,0.03365143144148669,0.05943548387096775
718,Soungoutou,Magassa,3,5.0,6,189,0,0,0,1,0,0,35.8,7.5,0.0,0.5,19,West Ham,1.2,Bournemouth,0,0.031746031746031744,43.3,False,False,True,False,0.10810810810810811,0.04950495049504951,0.19009100101112233,0.0,0.0,0.0,0.13978494623655913,0.026396562308164513,0.03491935483870968
344,Jaka,Bijol,2,3.9,6,261,0,0,0,0,0,0,54.2,11.6,2.0,1.5,11,Leeds,1.5384615384615383,Aston Villa,1,0.022988505747126436,67.8,False,True,False,False,0.009009009009009016,0.04950495049504951,0.26289180990899896,0.0,0.0,0.0,0.24731182795698922,0.017590652187718294,0.054677419354838705
628,José,Malheiro de Sá,1,4.3,5,360,0,0,0,0,0,0,44.0,10.0,0.0,0.0,20,Wolves,1.162790697674419,Crystal Palace,1,0.013888888888888888,54.0,True,False,False,False,0.045045045045045036,0.039603960396039604,0.36299292214357937,0.0,0.0,0.0,0.08602150537634408,0.00844076120319214,0.043548387096774194
700,Max,Dowman,3,4.3,5,27,0,1,0,0,0,0,1.0,0.8,26.0,0.0,1,Arsenal,1.162790697674419,Spurs,1,0.18518518518518517,27.8,False,False,True,False,0.045045045045045036,0.039603960396039604,0.0262891809908999,0.0,0.2,0.0,0.08602150537634408,0.180683445876816,0.022419354838709677
52,Jacob,Ramsey,3,5.3,5,190,0,0,0,1,0,0,33.4,84.1,11.0,0.8,15,Newcastle,0.9433962264150944,Man City,1,0.02631578947368421,128.5,False,False,True,False,0.13513513513513511,0.039603960396039604,0.1911021233569262,0.0,0.0,0.0,0.17204301075268816,0.020936318697295724,0.10362903225806451
638,Ki-Jana,Hoever,2,3.9,5,249,0,0,0,0,0,0,56.4,60.2,13.0,0.8,20,Wolves,1.2820512820512822,Crystal Palace,1,0.020080321285140562,129.6,False,True,False,False,0.009009009009009016,0.039603960396039604,0.25075834175935285,0.0,0.0,0.0,0.17204301075268816,0.014666400408262885,0.10451612903225806
88,Lewis,Cook,3,4.9,5,79,0,0,0,0,0,0,13.8,13.1,3.0,1.0,4,Bournemouth,1.020408163265306,West Ham,1,0.06329113924050633,29.9,False,False,True,False,0.09909909909909913,0.039603960396039604,0.0788675429726997,0.0,0.0,0.0,0.1935483870967742,0.05811595216448703,0.02411290322580645
734,Dilane,Bakwa,3,6.0,5,172,0,0,0,0,0,0,30.2,73.7,49.0,0.0,16,Nott'm Forest,0.8333333333333334,Liverpool,0,0.029069767441860465,152.9,False,False,True,False,0.1981981981981982,0.039603960396039604,0.17290192113245703,0.0,0.0,0.0,0.08602150537634408,0.023705512013362455,0.12330645161290323
12,Oleksandr,Zinchenko,2,4.9,5,253,0,0,0,0,0,0,62.6,52.4,15.0,0.2,16,Nott'm Forest,1.020408163265306,Liverpool,0,0.019762845849802372,130.0,False,True,False,False,0.09909909909909913,0.039603960396039604,0.25480283114256824,0.0,0.0,0.0,0.1075268817204301,0.014347170964994648,0.10483870967741936
494,Joe,Willock,3,5.0,5,99,0,0,1,0,0,0,11.2,3.0,6.0,0.2,15,Newcastle,1.0,Man City,1,0.050505050505050504,20.2,False,False,True,False,0.10810810810810811,0.039603960396039604,0.09908998988877654,0.0,0.0,0.0,0.1075268817204301,0.045259222054802165,0.01629032258064516
680,Armando,Broja,4,5.2,5,75,0,0,0,0,0,0,8.4,2.4,10.0,0.5,3,Burnley,0.9615384615384616,Chelsea,1,0.06666666666666667,20.8,False,False,False,True,0.12612612612612614,0.039603960396039604,0.07482305358948432,0.0,0.0,0.0,0.13978494623655913,0.061510128913443825,0.016774193548387096
389,Harvey,Elliott,3,5.4,4,97,0,0,0,0,0,0,8.6,17.8,18.0,0.0,2,Aston Villa,0.7407407407407407,Leeds,0,0.041237113402061855,44.4,False,False,True,False,0.14414414414414417,0.0297029702970297,0.09706774519716886,0.0,0.0,0.0,0.08602150537634408,0.03594008087942131,0.035806451612903224
591,Archie,Gray,3,4.8,4,71,0,0,1,0,0,0,6.0,13.2,2.0,0.0,18,Spurs,0.8333333333333334,Arsenal,0,0.056338028169014086,21.2,False,False,True,False,0.09009009009009007,0.0297029702970297,0.07077856420626896,0.0,0.0,0.0,0.08602150537634408,0.051124426114699244,0.017096774193548388
456,Jadon,Sancho,3,5.8,4,87,0,0,0,0,0,0,14.6,29.8,66.0,0.8,2,Aston Villa,0.6896551724137931,Leeds,0,0.04597701149425287,110.4,False,False,True,False,0.18018018018018014,0.0297029702970297,0.08695652173913043,0.0,0.0,0.0,0.17204301075268816,0.04070616625388963,0.08903225806451613
376,Joe,Gomez,2,4.9,4,43,0,0,0,0,0,0,14.6,0.8,6.0,0.5,12,Liverpool,0.8163265306122448,Nott'm Forest,1,0.09302325581395349,21.4,False,True,False,False,0.09909909909909913,0.0297029702970297,0.042467138523761376,0.0,0.0,0.0,0.13978494623655913,0.08801233457535655,0.017258064516129032
706,James,Justin,2,4.0,4,77,0,0,0,1,0,0,15.4,1.1,2.0,0.2,11,Leeds,1.0,Aston Villa,1,0.05194805194805195,18.5,False,True,False,False,0.018018018018018032,0.0297029702970297,0.07684529828109202,0.0,0.0,0.0,0.1075268817204301,0.046710195881466604,0.014919354838709677
426,James,McAtee,3,5.1,4,126,0,0,0,0,0,0,14.0,39.8,6.0,0.0,16,Nott'm Forest,0.7843137254901962,Liverpool,0,0.031746031746031744,59.8,False,False,True,False,0.11711711711711709,0.0297029702970297,0.1263902932254803,0.0,0.0,0.0,0.08602150537634408,0.026396562308164513,0.0482258064516129
163,Jack,Hinshelwood,3,5.1,4,107,0,0,0,0,0,0,9.4,2.0,0.0,0.0,6,Brighton,0.7843137254901962,Brentford,1,0.037383177570093455,11.4,False,False,True,False,0.11711711711711709,0.0297029702970297,0.10717896865520728,0.0,0.0,0.0,0.08602150537634408,0.03206485258429286,0.009193548387096774
320,Issa,Diop,2,4.4,4,223,0,0,0,1,0,0,34.0,1.7,4.0,0.5,10,Fulham,0.9090909090909092,Sunderland,1,0.017937219730941704,39.7,False,True,False,False,0.05405405405405409,0.0297029702970297,0.224469160768453,0.0,0.0,0.0,0.13978494623655913,0.01251145851398558,0.03201612903225807
466,Joshua,Zirkzee,4,5.8,4,82,0,0,0,0,0,0,13.6,17.1,60.0,0.2,14,Man Utd,0.6896551724137931,Everton,1,0.04878048780487805,90.7,False,False,False,True,0.18018018018018014,0.0297029702970297,0.08190091001011122,0.0,0.0,0.0,0.1075268817204301,0.04352513138391052,0.07314516129032259
244,Roméo,Lavia,3,4.9,4,105,0,0,0,0,0,0,9.6,7.5,2.0,0.5,7,Chelsea,0.8163265306122448,Burnley,0,0.0380952380952381,19.1,False,False,True,False,0.09909909909909913,0.0297029702970297,0.1051567239635996,0.0,0.0,0.0,0.13978494623655913,0.03278084714548803,0.015403225806451613
728,Merlin,Röhl,3,5.0,4,91,0,0,0,0,0,0,11.4,13.3,7.0,0.8,9,Everton,0.8,Man Utd,0,0.04395604395604396,31.700000000000003,False,False,True,False,0.10810810810810811,0.0297029702970297,0.0910010111223458,0.0,0.0,0.0,0.17204301075268816,0.03867403314917127,0.02556451612903226
447,Ayden,Heaven,2,3.8,4,28,0,1,0,0,0,0,28.6,10.3,0.0,0.8,14,Man Utd,1.0526315789473684,Everton,1,0.14285714285714285,38.900000000000006,False,True,False,False,0.0,0.0297029702970297,0.027300303336703743,0.0,0.2,0.0,0.17204301075268816,0.13812154696132595,0.03137096774193549
243,Tyrique,George,3,4.9,4,142,0,0,1,2,0,0,8.2,7.0,56.0,0.2,7,Chelsea,0.8163265306122448,Burnley,0,0.028169014084507043,71.2,False,False,True,False,0.09909909909909913,0.0297029702970297,0.14256825075834176,0.0,0.0,0.0,0.1075268817204301,0.022799782118123103,0.05741935483870968
527,Taiwo,Awoniyi,4,5.2,4,133,0,0,0,0,0,0,11.8,25.7,39.0,1.0,16,Nott'm Forest,0.7692307692307692,Liverpool,0,0.03007518796992481,76.5,False,False,False,True,0.12612612612612614,0.0297029702970297,0.13346814964610718,0.0,0.0,0.0,0.1935483870967742,0.024716487350974117,0.06169354838709677
199,Joe,Worrall,2,3.9,4,19,0,0,0,0,0,0,11.2,0.3,0.0,0.0,3,Burnley,1.0256410256410258,Chelsea,1,0.21052631578947367,11.5,False,True,False,False,0.009009009009009016,0.0297029702970297,0.01820020222446916,0.0,0.0,0.0,0.08602150537634408,0.20616458272753704,0.009274193548387096
93,Hamed,Traorè,3,4.5,4,16,0,1,0,0,0,0,21.2,10.0,0.0,0.0,4,Bournemouth,0.8888888888888888,West Ham,1,0.25,31.2,False,False,True,False,0.06306306306306307,0.0297029702970297,0.015166835187057633,0.0,0.2,0.0,0.08602150537634408,0.2458563535911602,0.025161290322580646
732,Christantus,Uche,4,5.5,3,8,0,0,0,0,0,0,3.4,0.8,19.0,0.2,8,Crystal Palace,0.5454545454545454,Wolves,0,0.375,23.2,False,False,False,True,0.15315315315315314,0.019801980198019802,0.007077856420626896,0.0,0.0,0.0,0.1075268817204301,0.3715469613259669,0.018709677419354837
719,Victor,Lindelöf,2,4.5,3,21,0,0,0,0,0,0,3.0,0.4,0.0,0.0,2,Aston Villa,0.6666666666666666,Leeds,0,0.14285714285714285,3.4,False,True,False,False,0.06306306306306307,0.019801980198019802,0.020222446916076844,0.0,0.0,0.0,0.08602150537634408,0.13812154696132595,0.0027419354838709676
619,Luis Guilherme,Lira dos Santos,3,4.9,3,54,0,0,0,0,0,0,1.6,0.6,4.0,0.0,19,West Ham,0.6122448979591836,Bournemouth,0,0.05555555555555555,6.2,False,False,True,False,0.09909909909909913,0.019801980198019802,0.05358948432760364,0.0,0.0,0.0,0.08602150537634408,0.05033763044812768,0.005
607,Nayef,Aguerd,2,4.4,3,180,0,0,0,0,0,0,39.0,3.9,8.0,0.0,19,West Ham,0.6818181818181818,Bournemouth,0,0.016666666666666666,50.9,False,True,False,False,0.05405405405405409,0.019801980198019802,0.18099089989888775,0.0,0.0,0.0,0.08602150537634408,0.011233885819521177,0.04104838709677419
618,Guido,Rodríguez,3,4.8,3,89,0,0,0,0,0,0,3.4,2.5,2.0,0.2,19,West Ham,0.625,Bournemouth,0,0.033707865168539325,7.9,False,False,True,False,0.09009009009009007,0.019801980198019802,0.08897876643073811,0.0,0.0,0.0,0.1075268817204301,0.02836923458935998,0.006370967741935484
206,Marcus,Edwards,3,4.7,3,22,0,0,0,0,0,0,3.2,1.4,24.0,0.5,3,Burnley,0.6382978723404255,Chelsea,1,0.13636363636363635,28.6,False,False,True,False,0.0810810810810811,0.019801980198019802,0.021233569261880688,0.0,0.0,0.0,0.13978494623655913,0.131592164741336,0.02306451612903226
197,Oliver,Sonne,2,3.9,3,102,0,0,0,0,0,0,7.6,16.4,6.0,0.0,3,Burnley,0.7692307692307693,Chelsea,1,0.029411764705882353,30.0,False,True,False,False,0.009009009009009016,0.019801980198019802,0.10212335692618807,0.0,0.0,0.0,0.08602150537634408,0.02404939876503087,0.024193548387096774
707,Tyler,Dibling,3,5.4,3,62,0,0,0,1,0,0,3.0,1.1,2.0,0.0,9,Everton,0.5555555555555555,Man Utd,0,0.04838709677419355,6.1,False,False,True,False,0.14414414414414417,0.019801980198019802,0.06167846309403438,0.0,0.0,0.0,0.08602150537634408,0.043129566922117266,0.004919354838709677
300,Dwight,McNeil,3,5.5,3,51,0,0,0,0,0,0,1.6,11.7,8.0,0.5,9,Everton,0.5454545454545454,Man Utd,0,0.058823529411764705,21.299999999999997,False,False,True,False,0.15315315315315314,0.019801980198019802,0.05055611729019211,0.0,0.0,0.0,0.13978494623655913,0.05362365940851478,0.017177419354838706
149,Igor Julio,dos Santos de Paulo,2,4.5,3,13,0,0,0,0,0,0,3.0,10.3,0.0,0.5,19,West Ham,0.6666666666666666,Bournemouth,0,0.23076923076923078,13.3,False,True,False,False,0.06306306306306307,0.019801980198019802,0.012133468149646108,0.0,0.0,0.0,0.13978494623655913,0.2265193370165746,0.010725806451612904
144,Diego,Coppola,2,4.3,3,17,0,0,0,0,0,0,7.8,0.1,0.0,0.2,6,Brighton,0.6976744186046512,Brentford,1,0.17647058823529413,7.8999999999999995,False,True,False,False,0.045045045045045036,0.019801980198019802,0.016177957532861477,0.0,0.0,0.0,0.1075268817204301,0.17192070198245044,0.0063709677419354835
510,Jair,Paula da Cunha Filho,2,4.3,3,90,0,0,0,0,0,0,26.0,0.4,0.0,0.0,16,Nott'm Forest,0.6976744186046512,Liverpool,0,0.03333333333333333,26.4,False,True,False,False,0.045045045045045036,0.019801980198019802,0.08998988877654196,0.0,0.0,0.0,0.08602150537634408,0.027992633517495393,0.02129032258064516
672,Jorrel,Hato,2,4.7,3,166,0,0,0,2,0,0,24.0,3.3,6.0,0.0,7,Chelsea,0.6382978723404255,Burnley,0,0.018072289156626505,33.3,False,True,False,False,0.0810810810810811,0.019801980198019802,0.16683518705763398,0.0,0.0,0.0,0.08602150537634408,0.012647274179591292,0.026854838709677416
316,Antonee,Robinson,2,4.9,3,61,0,0,0,0,0,0,13.6,22.8,4.0,0.0,10,Fulham,0.6122448979591836,Sunderland,1,0.04918032786885246,40.4,False,True,False,False,0.09909909909909913,0.019801980198019802,0.06066734074823053,0.0,0.0,0.0,0.08602150537634408,0.043927180509011864,0.03258064516129032
626,Callum,Marshall,4,4.4,2,58,0,0,0,0,0,0,1.2,0.1,7.0,0.2,19,West Ham,0.4545454545454545,Bournemouth,0,0.034482758620689655,8.3,False,False,False,True,0.05405405405405409,0.009900990099009901,0.057633973710819006,0.0,0.0,0.0,0.1075268817204301,0.02914840922080396,0.0066935483870967745
549,Dan,Neil,3,4.8,2,2,0,0,0,0,0,0,2.0,0.0,0.0,0.2,17,Sunderland,0.4166666666666667,Fulham,0,1.0,2.0,False,False,True,False,0.09009009009009007,0.009900990099009901,0.0010111223458038423,0.0,0.0,0.0,0.1075268817204301,1.0,0.0016129032258064516
542,Jenson,Seelt,2,4.0,2,133,0,0,0,0,0,0,33.6,2.4,0.0,0.0,17,Sunderland,0.5,Fulham,0,0.015037593984962405,36.0,False,True,False,False,0.018018018018018032,0.009900990099009901,0.13346814964610718,0.0,0.0,0.0,0.08602150537634408,0.009595812736260539,0.02903225806451613
27,Reiss,Nelson,3,4.8,2,16,0,0,0,0,0,0,9.0,2.2,9.0,0.5,5,Brentford,0.4166666666666667,Brighton,0,0.125,20.2,False,False,True,False,0.09009009009009007,0.009900990099009901,0.015166835187057633,0.0,0.0,0.0,0.13978494623655913,0.12016574585635359,0.01629032258064516
24,Christian,Nørgaard,3,5.2,2,14,0,0,0,0,0,0,6.4,0.1,7.0,0.5,1,Arsenal,0.3846153846153846,Spurs,1,0.14285714285714285,13.5,False,False,True,False,0.12612612612612614,0.009900990099009901,0.01314459049544995,0.0,0.0,0.0,0.13978494623655913,0.13812154696132595,0.010887096774193548
632,Matt,Doherty,2,4.4,2,291,0,0,0,3,0,0,49.4,21.8,4.0,0.5,20,Wolves,0.4545454545454545,Crystal Palace,1,0.006872852233676976,75.2,False,True,False,False,0.05405405405405409,0.009900990099009901,0.29322548028311424,0.0,0.0,0.0,0.13978494623655913,0.0013859619145260194,0.06064516129032258
725,Piero,Hincapié,2,5.4,2,26,0,0,0,0,0,0,0.8,0.6,0.0,0.5,1,Arsenal,0.3703703703703703,Spurs,1,0.07692307692307693,1.4,False,True,False,False,0.14414414414414417,0.009900990099009901,0.025278058645096056,0.0,0.0,0.0,0.13978494623655913,0.07182320441988951,0.001129032258064516
294,Séamus,Coleman,2,4.3,2,2,0,0,0,0,0,0,0.0,0.0,0.0,0.0,9,Everton,0.4651162790697674,Man Utd,0,1.0,0.0,False,True,False,False,0.045045045045045036,0.009900990099009901,0.0010111223458038423,0.0,0.0,0.0,0.08602150537634408,1.0,0.0
172,Tom,Watson,3,4.9,2,40,0,0,0,0,0,0,5.6,1.3,7.0,0.5,6,Brighton,0.4081632653061224,Brentford,1,0.05,13.899999999999999,False,False,True,False,0.09909909909909913,0.009900990099009901,0.03943377148634985,0.0,0.0,0.0,0.13978494623655913,0.044751381215469614,0.011209677419354837
596,Dominic,Solanke-Mitchell,4,7.2,2,31,0,0,0,0,0,0,6.0,0.3,25.0,0.0,18,Spurs,0.2777777777777778,Arsenal,0,0.06451612903225806,31.3,False,False,False,True,0.3063063063063063,0.009900990099009901,0.030333670374115267,0.0,0.0,0.0,0.08602150537634408,0.0593477098556407,0.025241935483870968
519,Nicolás,Domínguez,3,5.0,2,110,0,0,0,1,0,0,17.2,45.3,0.0,0.5,16,Nott'm Forest,0.4,Liverpool,0,0.01818181818181818,62.5,False,False,True,False,0.10810810810810811,0.009900990099009901,0.1102123356926188,0.0,0.0,0.0,0.13978494623655913,0.012757408337518832,0.05040322580645161
608,Ollie,Scarles,2,4.4,1,69,0,0,0,0,0,0,8.0,1.2,0.0,0.2,19,West Ham,0.2272727272727272,Bournemouth,0,0.014492753623188406,9.2,False,True,False,False,0.05405405405405409,0.0,0.06875631951466127,0.0,0.0,0.0,0.1075268817204301,0.009047962206741934,0.007419354838709677
702,Bradley,Burrowes,3,4.5,1,16,0,0,0,0,0,0,0.0,0.3,0.0,0.0,2,Aston Villa,0.2222222222222222,Leeds,0,0.0625,0.3,False,False,True,False,0.06306306306306307,0.0,0.015166835187057633,0.0,0.0,0.0,0.08602150537634408,0.057320441988950276,0.00024193548387096774
30,Kai,Havertz,4,7.3,1,30,0,0,0,0,0,0,2.8,0.8,2.0,0.0,1,Arsenal,0.136986301369863,Spurs,1,0.03333333333333333,5.6,False,False,False,True,0.31531531531531526,0.0,0.029322548028311426,0.0,0.0,0.0,0.08602150537634408,0.027992633517495393,0.004516129032258064
634,Yerson,Mosquera Valdelamar,2,4.3,1,182,0,0,0,1,0,0,20.2,0.7,21.0,-0.8,20,Wolves,0.2325581395348837,Crystal Palace,1,0.005494505494505495,41.9,False,True,False,False,0.045045045045045036,0.0,0.18301314459049545,0.0,0.0,0.0,0.0,0.0,0.03379032258064516
737,Jonah,Kusi-Asare,4,4.5,1,1,0,0,0,0,0,0,0.0,0.0,0.0,0.2,10,Fulham,0.2222222222222222,Sunderland,1,1.0,0.0,False,False,False,True,0.06306306306306307,0.0,0.0,0.0,0.0,0.0,0.1075268817204301,1.0,0.0
346,Sam,Byram,2,3.9,1,7,0,0,0,0,0,0,0.0,0.0,0.0,0.0,11,Leeds,0.2564102564102564,Aston Villa,1,0.14285714285714285,0.0,False,True,False,False,0.009009009009009016,0.0,0.006066734074823054,0.0,0.0,0.0,0.08602150537634408,0.13812154696132595,0.0
285,Odsonne,Édouard,4,5.0,1,2,0,0,0,0,0,0,2.0,0.0,0.0,0.0,8,Crystal Palace,0.2,Wolves,0,0.5,2.0,False,False,False,True,0.10810810810810811,0.0,0.0010111223458038423,0.0,0.0,0.0,0.08602150537634408,0.4972375690607735,0.0016129032258064516
305,Harrison,Armstrong,3,4.5,1,1,0,0,0,0,0,0,0.0,0.0,0.0,0.0,9,Everton,0.2222222222222222,Man Utd,0,1.0,0.0,False,False,True,False,0.06306306306306307,0.0,0.0,0.0,0.0,0.0,0.08602150537634408,1.0,0.0
422,Mateo,Kovačić,3,5.9,1,4,0,0,0,0,0,0,2.6,0.8,0.0,0.2,13,Man City,0.1694915254237288,Newcastle,0,0.25,3.4000000000000004,False,False,True,False,0.1891891891891892,0.0,0.003033367037411527,0.0,0.0,0.0,0.1075268817204301,0.2458563535911602,0.002741935483870968
259,Borna,Sosa,2,4.8,1,1,0,0,0,0,0,0,0.0,0.0,0.0,0.2,8,Crystal Palace,0.2083333333333333,Wolves,0,1.0,0.0,False,True,False,False,0.09009009009009007,0.0,0.0,0.0,0.0,0.0,0.1075268817204301,1.0,0.0
269,Romain,Esse,3,4.7,1,24,0,0,0,0,0,0,4.6,0.4,2.0,0.0,8,Crystal Palace,0.2127659574468085,Wolves,0,0.041666666666666664,7.0,False,False,True,False,0.0810810810810811,0.0,0.023255813953488372,0.0,0.0,0.0,0.08602150537634408,0.0363720073664825,0.00564516129032258
480,Jamaal,Lascelles,2,4.3,1,19,0,0,0,0,0,0,10.2,0.0,7.0,0.0,15,Newcastle,0.2325581395348837,Man City,1,0.05263157894736842,17.2,False,True,False,False,0.045045045045045036,0.0,0.01820020222446916,0.0,0.0,0.0,0.08602150537634408,0.047397499273044486,0.013870967741935483
221,Filip,Jörgensen,1,4.4,1,84,0,0,0,0,0,0,9.4,0.0,0.0,0.0,7,Chelsea,0.2272727272727272,Burnley,0,0.011904761904761904,9.4,True,False,False,False,0.05405405405405409,0.0,0.0839231547017189,0.0,0.0,0.0,0.08602150537634408,0.006445672191528544,0.007580645161290323
168,Facundo,Buonanotte,3,4.7,1,45,0,0,0,0,0,0,5.6,25.1,8.0,0.0,7,Chelsea,0.2127659574468085,Burnley,0,0.022222222222222223,38.7,False,False,True,False,0.0810810810810811,0.0,0.044489383215369056,0.0,0.0,0.0,0.08602150537634408,0.01682013505217925,0.03120967741935484
744,Nehemiah,Oriola,3,4.5,1,1,0,0,0,0,0,0,0.0,0.0,0.0,0.2,6,Brighton,0.2222222222222222,Brentford,1,1.0,0.0,False,False,True,False,0.06306306306306307,0.0,0.0,0.0,0.0,0.0,0.1075268817204301,1.0,0.0
175,Joe,Knight,3,4.5,1,1,0,0,0,0,0,0,0.0,0.0,0.0,0.2,6,Brighton,0.2222222222222222,Brentford,1,1.0,0.0,False,False,True,False,0.06306306306306307,0.0,0.0,0.0,0.0,0.0,0.1075268817204301,1.0,0.0
263,Nathaniel,Clyne,2,3.9,1,4,0,0,0,0,0,0,3.4,0.5,0.0,0.0,8,Crystal Palace,0.2564102564102564,Wolves,0,0.25,3.9,False,True,False,False,0.009009009009009016,0.0,0.003033367037411527,0.0,0.0,0.0,0.08602150537634408,0.2458563535911602,0.0031451612903225807
545,Patrick,Roberts,3,5.4,1,27,0,0,0,0,0,0,1.8,7.3,5.0,0.0,17,Sunderland,0.1851851851851851,Fulham,0,0.037037037037037035,14.1,False,False,True,False,0.14414414414414417,0.0,0.0262891809908999,0.0,0.0,0.0,0.08602150537634408,0.03171679967260077,0.011370967741935483
518,João Pedro,Ferreira da Silva,3,5.4,1,11,0,0,0,0,0,0,5.0,0.5,4.0,0.0,16,Nott'm Forest,0.1851851851851851,Liverpool,0,0.09090909090909091,9.5,False,False,True,False,0.14414414414414417,0.0,0.010111223458038422,0.0,0.0,0.0,0.08602150537634408,0.08588648920140633,0.007661290322580645
96,Ben,Winterburn,3,4.5,1,6,0,0,0,0,0,0,0.0,0.0,0.0,0.0,4,Bournemouth,0.2222222222222222,West Ham,1,0.16666666666666666,0.0,False,False,True,False,0.06306306306306307,0.0,0.005055611729019211,0.0,0.0,0.0,0.08602150537634408,0.1620626151012891,0.0
195,Lucas,Pires Silva,2,3.9,1,9,0,0,0,0,0,0,4.4,14.5,0.0,0.2,3,Burnley,0.2564102564102564,Chelsea,1,0.1111111111111111,18.9,False,True,False,False,0.009009009009009016,0.0,0.008088978766430738,0.0,0.0,0.0,0.1075268817204301,0.1062001227747084,0.015241935483870967
122,Antoni,Milambo,3,5.2,1,45,0,0,0,0,0,0,4.0,1.8,0.0,0.0,5,Brentford,0.1923076923076923,Brighton,0,0.022222222222222223,5.8,False,False,True,False,0.12612612612612614,0.0,0.044489383215369056,0.0,0.0,0.0,0.08602150537634408,0.01682013505217925,0.004677419354838709
98,Enes,Ünal,4,5.4,1,1,0,0,0,0,0,0,0.0,0.0,0.0,0.2,4,Bournemouth,0.1851851851851851,West Ham,1,1.0,0.0,False,False,False,True,0.14414414414414417,0.0,0.0,0.0,0.0,0.0,0.1075268817204301,1.0,0.0
218,Ashley,Barnes,4,4.3,1,7,0,0,0,0,0,0,0.2,0.3,0.0,0.2,3,Burnley,0.2325581395348837,Chelsea,1,0.14285714285714285,0.5,False,False,False,True,0.045045045045045036,0.0,0.006066734074823054,0.0,0.0,0.0,0.1075268817204301,0.13812154696132595,0.0004032258064516129
678,Arthur,Masuaku,2,3.9,1,125,0,0,0,1,0,0,21.8,20.1,7.0,0.0,17,Sunderland,0.2564102564102564,Fulham,0,0.008,48.900000000000006,False,True,False,False,0.009009009009009016,0.0,0.12537917087967643,0.0,0.0,0.0,0.08602150537634408,0.0025193370165745854,0.03943548387096775
80,Julio,Soler Barreto,2,4.0,1,1,0,0,0,0,0,0,0.0,0.0,0.0,0.0,4,Bournemouth,0.25,West Ham,1,1.0,0.0,False,True,False,False,0.018018018018018032,0.0,0.0,0.0,0.0,0.0,0.08602150537634408,1.0,0.0
656,Saša,Kalajdžić,4,4.9,1,14,0,0,0,0,0,0,1.0,4.3,2.0,0.0,20,Wolves,0.2040816326530612,Crystal Palace,1,0.07142857142857142,7.3,False,False,False,True,0.09909909909909913,0.0,0.01314459049544995,0.0,0.0,0.0,0.08602150537634408,0.06629834254143646,0.005887096774193548
749,Mateus,Mané,4,4.5,1,20,0,0,0,0,0,0,0.0,10.9,0.0,1.0,20,Wolves,0.2222222222222222,Crystal Palace,1,0.05,10.9,False,False,False,True,0.06306306306306307,0.0,0.019211324570273004,0.0,0.0,0.0,0.1935483870967742,0.044751381215469614,0.008790322580645162
